comment_id,posts_id,user_id,comment_content,comment_date
1,648,271,1E+02,12/12/2023
2,805,802,NULL,12/7/2023
3,870,240,1.00,12/19/2023
4,470,339,｀ｨ(´∀｀∩,12/28/2023
5,112,57,和製漢語,12/14/2023
6,595,694,999999999999999999999999999999999999999999999999999999999999999999999999999999999999999999999999,12/9/2023
7,521,680,() { _; } >_[$($())] { touch /tmp/blns.shellshock2.fail; },12/4/2023
8,564,161,␢,12/4/2023
9,567,419,​,12/23/2023
10,271,302,田中さんにあげて下さい,12/29/2023
11,122,779,¡™£¢∞§¶•ªº–≠,12/1/2023
12,205,270,₀₁₂,12/20/2023
13,666,542, test ,12/2/2023
14,684,626,0.00,12/4/2023
15,815,60,0/0,12/22/2023
16,183,45,̗̺͖̹̯͓Ṯ̤͍̥͇͈h̲́e͏͓̼̗̙̼̣͔ ͇̜̱̠͓͍ͅN͕͠e̗̱z̘̝̜̺͙p̤̺̹͍̯͚e̠̻̠͜r̨̤͍̺̖͔̖̖d̠̟̭̬̝͟i̦͖̩͓͔̤a̠̗̬͉̙n͚͜ ̻̞̰͚ͅh̵͉i̳̞v̢͇ḙ͎͟-҉̭̩̼͔m̤̭̫i͕͇̝̦n̗͙ḍ̟ ̯̲͕͞ǫ̟̯̰̲͙̻̝f ̪̰̰̗̖̭̘͘c̦͍̲̞͍̩̙ḥ͚a̮͎̟̙͜ơ̩̹͎s̤.̝̝ ҉Z̡̖̜͖̰̣͉̜a͖̰͙̬͡l̲̫̳͍̩g̡̟̼̱͚̞̬ͅo̗͜.̟,12/20/2023
17,443,124,"בְּרֵאשִׁית, בָּרָא אֱלֹהִים, אֵת הַשָּׁמַיִם, וְאֵת הָאָרֶץ",12/18/2023
18,47,71, test ,12/7/2023
19,121,428,1E02,12/10/2023
20,796,101,̗̺͖̹̯͓Ṯ̤͍̥͇͈h̲́e͏͓̼̗̙̼̣͔ ͇̜̱̠͓͍ͅN͕͠e̗̱z̘̝̜̺͙p̤̺̹͍̯͚e̠̻̠͜r̨̤͍̺̖͔̖̖d̠̟̭̬̝͟i̦͖̩͓͔̤a̠̗̬͉̙n͚͜ ̻̞̰͚ͅh̵͉i̳̞v̢͇ḙ͎͟-҉̭̩̼͔m̤̭̫i͕͇̝̦n̗͙ḍ̟ ̯̲͕͞ǫ̟̯̰̲͙̻̝f ̪̰̰̗̖̭̘͘c̦͍̲̞͍̩̙ḥ͚a̮͎̟̙͜ơ̩̹͎s̤.̝̝ ҉Z̡̖̜͖̰̣͉̜a͖̰͙̬͡l̲̫̳͍̩g̡̟̼̱͚̞̬ͅo̗͜.̟,12/8/2023
21,327,328,ﾟ･✿ヾ╲(｡◕‿◕｡)╱✿･ﾟ,12/27/2023
22,26,987,1,12/13/2023
23,482,196,/dev/null; touch /tmp/blns.fail ; echo,12/26/2023
24,800,257,999999999999999999999999999999999999999999999999999999999999999999999999999999999999999999999999,12/19/2023
25,157,267,社會科學院語學研究所,12/10/2023
26,786,322,nil,12/21/2023
27,297,352,᠎,12/9/2023
28,783,768,הָיְתָהtestالصفحات التّحول,12/30/2023
29,128,134, ,12/15/2023
30,92,259,🚾 🆒 🆓 🆕 🆖 🆗 🆙 🏧,12/19/2023
31,214,248,̡͓̞ͅI̗̘̦͝n͇͇͙v̮̫ok̲̫̙͈i̖͙̭̹̠̞n̡̻̮̣̺g̲͈͙̭͙̬͎ ̰t͔̦h̞̲e̢̤ ͍̬̲͖f̴̘͕̣è͖ẹ̥̩l͖͔͚i͓͚̦͠n͖͍̗͓̳̮g͍ ̨o͚̪͡f̘̣̬ ̖̘͖̟͙̮c҉͔̫͖͓͇͖ͅh̵̤̣͚͔á̗̼͕ͅo̼̣̥s̱͈̺̖̦̻͢.̛̖̞̠̫̰,12/30/2023
32,974,953,🐵 🙈 🙉 🙊,12/21/2023
33,775,695,`⁄€‹›ﬁﬂ‡°·‚—±,12/2/2023
34,891,594,⁦test⁧,12/2/2023
35,6,950,1/0,12/28/2023
36,656,179,ÅÍÎÏ˝ÓÔÒÚÆ☃,12/2/2023
37,461,502,˙ɐnbᴉlɐ ɐuƃɐɯ ǝɹolop ʇǝ ǝɹoqɐl ʇn ʇunpᴉpᴉɔuᴉ ɹodɯǝʇ poɯsnᴉǝ op pǝs 'ʇᴉlǝ ƃuᴉɔsᴉdᴉpɐ ɹnʇǝʇɔǝsuoɔ 'ʇǝɯɐ ʇᴉs ɹolop ɯnsdᴉ ɯǝɹo˥,12/17/2023
38,617,146,₀₁₂,12/21/2023
39,18,639,Z̮̞̠͙͔ͅḀ̗̞͈̻̗Ḷ͙͎̯̹̞͓G̻O̭̗̮,12/20/2023
40,243,404,'',12/4/2023
41,771,629,œ∑´®†¥¨ˆøπ“‘,12/1/2023
42,597,753,nil,12/11/2023
43,718,176,田中さんにあげて下さい,12/5/2023
44,68,528, test ,12/30/2023
45,302,695,😍,12/12/2023
46,737,433,✋🏿 💪🏿 👐🏿 🙌🏿 👏🏿 🙏🏿,12/20/2023
47,826,220,⁰⁴⁵,12/8/2023
48,409,844,̦H̬̤̗̤͝e͜ ̜̥̝̻͍̟́w̕h̖̯͓o̝͙̖͎̱̮ ҉̺̙̞̟͈W̷̼̭a̺̪͍į͈͕̭͙̯̜t̶̼̮s̘͙͖̕ ̠̫̠B̻͍͙͉̳ͅe̵h̵̬͇̫͙i̹͓̳̳̮͎̫̕n͟d̴̪̜̖ ̰͉̩͇͙̲͞ͅT͖̼͓̪͢h͏͓̮̻e̬̝̟ͅ ̤̹̝W͙̞̝͔͇͝ͅa͏͓͔̹̼̣l̴͔̰̤̟͔ḽ̫.͕,12/28/2023
49,214,779,ﾟ･✿ヾ╲(｡◕‿◕｡)╱✿･ﾟ,12/22/2023
50,485,629,😍,12/10/2023
51,790,919,<img src=x onerror=alert('hi') />,12/14/2023
52,956,942,｀ｨ(´∀｀∩,12/7/2023
53,676,554,１２３,12/2/2023
54,72,610,̗̺͖̹̯͓Ṯ̤͍̥͇͈h̲́e͏͓̼̗̙̼̣͔ ͇̜̱̠͓͍ͅN͕͠e̗̱z̘̝̜̺͙p̤̺̹͍̯͚e̠̻̠͜r̨̤͍̺̖͔̖̖d̠̟̭̬̝͟i̦͖̩͓͔̤a̠̗̬͉̙n͚͜ ̻̞̰͚ͅh̵͉i̳̞v̢͇ḙ͎͟-҉̭̩̼͔m̤̭̫i͕͇̝̦n̗͙ḍ̟ ̯̲͕͞ǫ̟̯̰̲͙̻̝f ̪̰̰̗̖̭̘͘c̦͍̲̞͍̩̙ḥ͚a̮͎̟̙͜ơ̩̹͎s̤.̝̝ ҉Z̡̖̜͖̰̣͉̜a͖̰͙̬͡l̲̫̳͍̩g̡̟̼̱͚̞̬ͅo̗͜.̟,12/28/2023
55,162,254,NULL,12/3/2023
56,335,387,<svg><script>0<1>alert('XSS')</script>,12/28/2023
57,525,1000,部落格,12/27/2023
58,549,496,⁰⁴⁵,12/26/2023
59,816,648,⁦test⁧,12/10/2023
60,891,270,0/0,12/12/2023
61,421,232,̦H̬̤̗̤͝e͜ ̜̥̝̻͍̟́w̕h̖̯͓o̝͙̖͎̱̮ ҉̺̙̞̟͈W̷̼̭a̺̪͍į͈͕̭͙̯̜t̶̼̮s̘͙͖̕ ̠̫̠B̻͍͙͉̳ͅe̵h̵̬͇̫͙i̹͓̳̳̮͎̫̕n͟d̴̪̜̖ ̰͉̩͇͙̲͞ͅT͖̼͓̪͢h͏͓̮̻e̬̝̟ͅ ̤̹̝W͙̞̝͔͇͝ͅa͏͓͔̹̼̣l̴͔̰̤̟͔ḽ̫.͕,12/16/2023
62,710,571,`⁄€‹›ﬁﬂ‡°·‚—±,12/1/2023
63,807,257,(｡◕ ∀ ◕｡),12/30/2023
64,158,665,"<>?:""{}|_+",12/13/2023
65,839,602,'',12/12/2023
66,1000,711,✋🏿 💪🏿 👐🏿 🙌🏿 👏🏿 🙏🏿,12/24/2023
67,104,917,・(￣∀￣)・:*:,12/13/2023
68,816,671,１２３,12/11/2023
69,397,339,../../../../../../../../../../../etc/passwd%00,12/2/2023
70,845,188,１２３,12/21/2023
71,326,535,1.00,12/18/2023
72,464,375,"__ﾛ(,_,*)",12/28/2023
73,438,861,¡™£¢∞§¶•ªº–≠,12/11/2023
74,772,857,../../../../../../../../../../../etc/passwd%00,12/28/2023
75,656,355,¸˛Ç◊ı˜Â¯˘¿,12/25/2023
76,851,790,᠎,12/16/2023
77,587,647,✋🏿 💪🏿 👐🏿 🙌🏿 👏🏿 🙏🏿,12/2/2023
78,580,226,Ω≈ç√∫˜µ≤≥÷,12/26/2023
79,508,395,⁦test⁧,12/29/2023
80,203,550,1E02,12/21/2023
81,247,31,ÅÍÎÏ˝ÓÔÒÚÆ☃,12/14/2023
82,633,256,'',12/1/2023
83,792,934,"""'""'""''''""",12/21/2023
84,5,13,"""'""'""''''""",12/17/2023
85,760,578,Œ„´‰ˇÁ¨ˆØ∏”’,12/20/2023
86,540,302,␢,12/14/2023
87,438,940,⁦test⁧,12/19/2023
88,102,333,1/0,12/12/2023
89,112,779,‪‪test‪,12/21/2023
90,63,604,1;DROP TABLE users,12/12/2023
91,542,10,"ثم نفس سقطت وبالتحديد،, جزيرتي باستخدام أن دنو. إذ هنا؟ الستار وتنصيب كان. أهّل ايطاليا، بريطانيا-فرنسا قد أخذ. سليمان، إتفاقية بين ما, يذكر الحدود أي بعد, معاملة بولندا، الإطلاق عل إيو.",12/30/2023
92,400,265,-1,12/20/2023
93,473,243,1/0,12/28/2023
94,252,728,1.00,12/29/2023
95,559,268,$1.00,12/28/2023
96,976,973,1/2,12/23/2023
97,594,376,1/0,12/29/2023
98,862,776,../../../../../../../../../../../etc/passwd%00,12/29/2023
99,942,158,᠎,12/29/2023
100,823,613,nil,12/18/2023
101,439,549,사회과학원 어학연구소,12/6/2023
102,27,294,nil,12/13/2023
103,364,793,사회과학원 어학연구소,12/28/2023
104,90,694,᠎,12/4/2023
105,541,908,😍,12/29/2023
106,220,962,() { 0; }; touch /tmp/blns.shellshock1.fail;,12/20/2023
107,625,280,',12/14/2023
108,551,779, test ,12/16/2023
109,292,643,ﾟ･✿ヾ╲(｡◕‿◕｡)╱✿･ﾟ,12/8/2023
110,767,772,../../../../../../../../../../../etc/passwd%00,12/27/2023
111,701,809,1E2,12/3/2023
112,745,48,␢,12/8/2023
113,414,200,😍,12/20/2023
114,346,448,␡,12/2/2023
115,81,203,｀ｨ(´∀｀∩,12/5/2023
116,112,610,/dev/null; touch /tmp/blns.fail ; echo,12/8/2023
117,462,757,00˙Ɩ$-,12/26/2023
118,697,949,1;DROP TABLE users,12/23/2023
119,295,85,(｡◕ ∀ ◕｡),12/14/2023
120,263,246,Z̮̞̠͙͔ͅḀ̗̞͈̻̗Ḷ͙͎̯̹̞͓G̻O̭̗̮,12/1/2023
121,630,957,・(￣∀￣)・:*:,12/17/2023
122,170,378,-1E+02,12/4/2023
123,742,660,-1,12/18/2023
124,665,121,",./;'[]\-=",12/17/2023
125,235,875,｀ｨ(´∀｀∩,12/3/2023
126,181,987,$1.00,12/2/2023
127,636,55,・(￣∀￣)・:*:,12/5/2023
128,64,911,",。・:*:・゜’( ☻ ω ☻ )。・:*:・゜’",12/1/2023
129,544,750,¡™£¢∞§¶•ªº–≠,12/1/2023
130,315,437,œ∑´®†¥¨ˆøπ“‘,12/5/2023
131,86,659,0/0,12/1/2023
132,886,718, test ,12/7/2023
133,398,650,1'; DROP TABLE users--,12/16/2023
134,840,74,"בְּרֵאשִׁית, בָּרָא אֱלֹהִים, אֵת הַשָּׁמַיִם, וְאֵת הָאָרֶץ",12/22/2023
135,395,585,1E02,12/30/2023
136,873,326,",./;'[]\-=",12/19/2023
137,708,239,̦H̬̤̗̤͝e͜ ̜̥̝̻͍̟́w̕h̖̯͓o̝͙̖͎̱̮ ҉̺̙̞̟͈W̷̼̭a̺̪͍į͈͕̭͙̯̜t̶̼̮s̘͙͖̕ ̠̫̠B̻͍͙͉̳ͅe̵h̵̬͇̫͙i̹͓̳̳̮͎̫̕n͟d̴̪̜̖ ̰͉̩͇͙̲͞ͅT͖̼͓̪͢h͏͓̮̻e̬̝̟ͅ ̤̹̝W͙̞̝͔͇͝ͅa͏͓͔̹̼̣l̴͔̰̤̟͔ḽ̫.͕,12/23/2023
138,883,77,1/2,12/24/2023
139,282,164,",。・:*:・゜’( ☻ ω ☻ )。・:*:・゜’",12/19/2023
140,438,136,1,12/28/2023
141,865,32,・(￣∀￣)・:*:,12/19/2023
142,243,146,1/2,12/14/2023
143,94,431,הָיְתָהtestالصفحات التّحول,12/30/2023
144,183,395,パーティーへ行かないか,12/23/2023
145,992,29,00˙Ɩ$-,12/7/2023
146,931,121,​,12/20/2023
147,985,152,パーティーへ行かないか,12/30/2023
148,389,503,-1.00,12/4/2023
149,267,993,"<>?:""{}|_+",12/24/2023
150,576,634,"'""'",12/3/2023
151,909,129,١٢٣,12/27/2023
152,951,770,1;DROP TABLE users,12/25/2023
153,875,604,　,12/8/2023
154,482,738,/dev/null; touch /tmp/blns.fail ; echo,12/12/2023
155,369,887,"""""",12/19/2023
156,355,666,̗̺͖̹̯͓Ṯ̤͍̥͇͈h̲́e͏͓̼̗̙̼̣͔ ͇̜̱̠͓͍ͅN͕͠e̗̱z̘̝̜̺͙p̤̺̹͍̯͚e̠̻̠͜r̨̤͍̺̖͔̖̖d̠̟̭̬̝͟i̦͖̩͓͔̤a̠̗̬͉̙n͚͜ ̻̞̰͚ͅh̵͉i̳̞v̢͇ḙ͎͟-҉̭̩̼͔m̤̭̫i͕͇̝̦n̗͙ḍ̟ ̯̲͕͞ǫ̟̯̰̲͙̻̝f ̪̰̰̗̖̭̘͘c̦͍̲̞͍̩̙ḥ͚a̮͎̟̙͜ơ̩̹͎s̤.̝̝ ҉Z̡̖̜͖̰̣͉̜a͖̰͙̬͡l̲̫̳͍̩g̡̟̼̱͚̞̬ͅo̗͜.̟,12/24/2023
157,361,495,nil,12/24/2023
158,93,687,¸˛Ç◊ı˜Â¯˘¿,12/25/2023
159,29,33,᠎,12/10/2023
160,972,990,⁰⁴⁵₀₁₂,12/18/2023
161,116,614,Œ„´‰ˇÁ¨ˆØ∏”’,12/22/2023
162,75,973,-1/2,12/17/2023
163,507,261,１２３,12/9/2023
164,602,561,𠜎𠜱𠝹𠱓𠱸𠲖𠳏,12/19/2023
165,94,531,1'; DROP TABLE users--,12/30/2023
166,223,585,<script>alert('hi')</script>,12/12/2023
167,468,570,⁦test⁧,12/24/2023
168,311,365,test⁠test‫,12/13/2023
169,167,863,👾 🙇 💁 🙅 🙆 🙋 🙎 🙍 ,12/2/2023
170,869,762,null,12/20/2023
171,876,352,-1,12/26/2023
172,227,872,‪‪test‪,12/30/2023
173,433,447,`⁄€‹›ﬁﬂ‡°·‚—±,12/27/2023
174,902,526,울란바토르,12/3/2023
175,74,361,!@#$%^&*(),12/9/2023
176,826,887,nil,12/14/2023
177,417,534,<script>alert('hi')</script>,12/15/2023
178,25,25,!@#$%^&*(),12/20/2023
179,857,150, test ,12/25/2023
180,764,43,1'; DROP TABLE users--,12/14/2023
181,452,167,nil,12/9/2023
182,554,826,١٢٣,12/9/2023
183,678,350,1E+02,12/9/2023
184,578,490,社會科學院語學研究所,12/24/2023
185,123,601,œ∑´®†¥¨ˆøπ“‘,12/14/2023
186,634,341, ,12/22/2023
187,393,59,１２３,12/18/2023
188,947,675,../../../../../../../../../../../etc/hosts,12/19/2023
189,982,280,',12/26/2023
190,16,304,(╯°□°）╯︵ ┻━┻)  ,12/18/2023
191,441,273,Ω≈ç√∫˜µ≤≥÷,12/23/2023
192,853,229,-1.00,12/1/2023
193,207,52,$1.00,12/7/2023
194,102,153,‫test‫,12/14/2023
195,612,511,'',12/29/2023
196,650,435,1/0,12/10/2023
197,679,899,-1.00,12/19/2023
198,782,164,-$1.00,12/2/2023
199,233,863,✋🏿 💪🏿 👐🏿 🙌🏿 👏🏿 🙏🏿,12/28/2023
200,161,937,社會科學院語學研究所,12/24/2023
201,971,524,1E2,12/27/2023
202,573,452,✋🏿 💪🏿 👐🏿 🙌🏿 👏🏿 🙏🏿,12/11/2023
203,786,876,1,12/13/2023
204,520,20,｀ｨ(´∀｀∩,12/26/2023
205,367,383,1.00,12/9/2023
206,678,786,¸˛Ç◊ı˜Â¯˘¿,12/9/2023
207,80,42,1;DROP TABLE users,12/25/2023
208,556,100,(ﾉಥ益ಥ）ﾉ﻿ ┻━┻,12/19/2023
209,121,207,社會科學院語學研究所,12/23/2023
210,306,534,ﾟ･✿ヾ╲(｡◕‿◕｡)╱✿･ﾟ,12/3/2023
211,969,161,Ṱ̺̺̕o͞ ̷i̲̬͇̪͙n̝̗͕v̟̜̘̦͟o̶̙̰̠kè͚̮̺̪̹̱̤ ̖t̝͕̳̣̻̪͞h̼͓̲̦̳̘̲e͇̣̰̦̬͎ ̢̼̻̱̘h͚͎͙̜̣̲ͅi̦̲̣̰̤v̻͍e̺̭̳̪̰-m̢iͅn̖̺̞̲̯̰d̵̼̟͙̩̼̘̳ ̞̥̱̳̭r̛̗̘e͙p͠r̼̞̻̭̗e̺̠̣͟s̘͇̳͍̝͉e͉̥̯̞̲͚̬͜ǹ̬͎͎̟̖͇̤t͍̬̤͓̼̭͘ͅi̪̱n͠g̴͉ ͏͉ͅc̬̟h͡a̫̻̯͘o̫̟̖͍̙̝͉s̗̦̲.̨̹͈̣,12/15/2023
212,140,328,"__ﾛ(,_,*)",12/19/2023
213,316,115,¡™£¢∞§¶•ªº–≠,12/7/2023
214,455,435,̦H̬̤̗̤͝e͜ ̜̥̝̻͍̟́w̕h̖̯͓o̝͙̖͎̱̮ ҉̺̙̞̟͈W̷̼̭a̺̪͍į͈͕̭͙̯̜t̶̼̮s̘͙͖̕ ̠̫̠B̻͍͙͉̳ͅe̵h̵̬͇̫͙i̹͓̳̳̮͎̫̕n͟d̴̪̜̖ ̰͉̩͇͙̲͞ͅT͖̼͓̪͢h͏͓̮̻e̬̝̟ͅ ̤̹̝W͙̞̝͔͇͝ͅa͏͓͔̹̼̣l̴͔̰̤̟͔ḽ̫.͕,12/8/2023
215,313,138,1E2,12/8/2023
216,116,967,パーティーへ行かないか,12/19/2023
217,946,399,-1/2,12/26/2023
218,523,212,"""""",12/10/2023
219,930,842,"""'""'""''''""",12/9/2023
220,284,661,１２３,12/26/2023
221,43,376,NULL,12/29/2023
222,928,659,-1E2,12/6/2023
223,977,54,åß∂ƒ©˙∆˚¬…æ,12/1/2023
224,852,241,١٢٣,12/3/2023
225,837,192,⁰⁴⁵,12/23/2023
226,38,658,｀ｨ(´∀｀∩,12/1/2023
227,405,554,𠜎𠜱𠝹𠱓𠱸𠲖𠳏,12/1/2023
228,958,165,-1E2,12/16/2023
229,460,999,999999999999999999999999999999999999999999999999999999999999999999999999999999999999999999999999,12/18/2023
230,196,300,｀ｨ(´∀｀∩,12/25/2023
231,891,566,̗̺͖̹̯͓Ṯ̤͍̥͇͈h̲́e͏͓̼̗̙̼̣͔ ͇̜̱̠͓͍ͅN͕͠e̗̱z̘̝̜̺͙p̤̺̹͍̯͚e̠̻̠͜r̨̤͍̺̖͔̖̖d̠̟̭̬̝͟i̦͖̩͓͔̤a̠̗̬͉̙n͚͜ ̻̞̰͚ͅh̵͉i̳̞v̢͇ḙ͎͟-҉̭̩̼͔m̤̭̫i͕͇̝̦n̗͙ḍ̟ ̯̲͕͞ǫ̟̯̰̲͙̻̝f ̪̰̰̗̖̭̘͘c̦͍̲̞͍̩̙ḥ͚a̮͎̟̙͜ơ̩̹͎s̤.̝̝ ҉Z̡̖̜͖̰̣͉̜a͖̰͙̬͡l̲̫̳͍̩g̡̟̼̱͚̞̬ͅo̗͜.̟,12/17/2023
232,239,832,⁦test⁧,12/8/2023
233,6,705,᠎,12/23/2023
234,366,640,../../../../../../../../../../../etc/passwd%00,12/27/2023
235,110,978,-1.00,12/13/2023
236,195,741,¸˛Ç◊ı˜Â¯˘¿,12/22/2023
237,378,492,"ثم نفس سقطت وبالتحديد،, جزيرتي باستخدام أن دنو. إذ هنا؟ الستار وتنصيب كان. أهّل ايطاليا، بريطانيا-فرنسا قد أخذ. سليمان، إتفاقية بين ما, يذكر الحدود أي بعد, معاملة بولندا، الإطلاق عل إيو.",12/2/2023
238,189,22,"בְּרֵאשִׁית, בָּרָא אֱלֹהִים, אֵת הַשָּׁמַיִם, וְאֵת הָאָרֶץ",12/27/2023
239,598,762,-1.00,12/11/2023
240,345,204,"<>?:""{}|_+",12/10/2023
241,853,62,田中さんにあげて下さい,12/11/2023
242,301,298,<script>alert('hi')</script>,12/29/2023
243,740,757, test ,12/16/2023
244,277,914,',12/5/2023
245,682,336,../../../../../../../../../../../etc/hosts,12/12/2023
246,529,39,‫test‫,12/30/2023
247,531,63,(╯°□°）╯︵ ┻━┻)  ,12/12/2023
248,607,379,<svg><script>0<1>alert('XSS')</script>,12/13/2023
249,387,637,Ω≈ç√∫˜µ≤≥÷,12/28/2023
250,686,398,0.00,12/18/2023
251,875,915,̡͓̞ͅI̗̘̦͝n͇͇͙v̮̫ok̲̫̙͈i̖͙̭̹̠̞n̡̻̮̣̺g̲͈͙̭͙̬͎ ̰t͔̦h̞̲e̢̤ ͍̬̲͖f̴̘͕̣è͖ẹ̥̩l͖͔͚i͓͚̦͠n͖͍̗͓̳̮g͍ ̨o͚̪͡f̘̣̬ ̖̘͖̟͙̮c҉͔̫͖͓͇͖ͅh̵̤̣͚͔á̗̼͕ͅo̼̣̥s̱͈̺̖̦̻͢.̛̖̞̠̫̰,12/5/2023
252,781,397,<img src=x onerror=alert('hi') />,12/1/2023
253,993,847,test⁠test‫,12/21/2023
254,335,909,/dev/null; touch /tmp/blns.fail ; echo,12/17/2023
255,401,65,00˙Ɩ$-,12/30/2023
256,102,730,åß∂ƒ©˙∆˚¬…æ,12/13/2023
257,845,672,"ثم نفس سقطت وبالتحديد،, جزيرتي باستخدام أن دنو. إذ هنا؟ الستار وتنصيب كان. أهّل ايطاليا، بريطانيا-فرنسا قد أخذ. سليمان، إتفاقية بين ما, يذكر الحدود أي بعد, معاملة بولندا، الإطلاق عل إيو.",12/12/2023
258,287,38,0️⃣ 1️⃣ 2️⃣ 3️⃣ 4️⃣ 5️⃣ 6️⃣ 7️⃣ 8️⃣ 9️⃣ 🔟,12/4/2023
259,110,573,ヽ༼ຈل͜ຈ༽ﾉ ヽ༼ຈل͜ຈ༽ﾉ ,12/20/2023
260,156,591,NIL,12/1/2023
261,324,585,"<>?:""{}|_+",12/6/2023
262,236,803,␢,12/21/2023
263,151,213,<svg><script>0<1>alert('XSS')</script>,12/27/2023
264,836,459,(｡◕ ∀ ◕｡),12/5/2023
265,210,836,-1E02,12/20/2023
266,442,232,　,12/8/2023
267,836,749,😍,12/4/2023
268,709,336, test ,12/15/2023
269,534,479,　,12/5/2023
270,489,712,　,12/7/2023
271,972,103,　,12/5/2023
272,605,1000,₀₁₂,12/28/2023
273,996,500,"ثم نفس سقطت وبالتحديد،, جزيرتي باستخدام أن دنو. إذ هنا؟ الستار وتنصيب كان. أهّل ايطاليا، بريطانيا-فرنسا قد أخذ. سليمان، إتفاقية بين ما, يذكر الحدود أي بعد, معاملة بولندا، الإطلاق عل إيو.",12/7/2023
274,842,806,1.00,12/20/2023
275,34,427,1E2,12/7/2023
276,16,916,部落格,12/11/2023
277,949,105,,12/21/2023
278,163,432,⁰⁴⁵₀₁₂,12/8/2023
279,70,533,␣,12/13/2023
280,242,517,🚾 🆒 🆓 🆕 🆖 🆗 🆙 🏧,12/26/2023
281,160,572,​,12/9/2023
282,203,880,​,12/4/2023
283,186,150,"""'""'""''''""",12/28/2023
284,608,684,⁰⁴⁵,12/4/2023
285,979,551,(｡◕ ∀ ◕｡),12/1/2023
286,584,706,../../../../../../../../../../../etc/passwd%00,12/30/2023
287,748,341,١٢٣,12/12/2023
288,827,751,𠜎𠜱𠝹𠱓𠱸𠲖𠳏,12/25/2023
289,8,371,-1E02,12/1/2023
290,719,941,울란바토르,12/22/2023
291,911,21,',12/7/2023
292,989,341,˙ɐnbᴉlɐ ɐuƃɐɯ ǝɹolop ʇǝ ǝɹoqɐl ʇn ʇunpᴉpᴉɔuᴉ ɹodɯǝʇ poɯsnᴉǝ op pǝs 'ʇᴉlǝ ƃuᴉɔsᴉdᴉpɐ ɹnʇǝʇɔǝsuoɔ 'ʇǝɯɐ ʇᴉs ɹolop ɯnsdᴉ ɯǝɹo˥,12/26/2023
293,623,546,Œ„´‰ˇÁ¨ˆØ∏”’,12/15/2023
294,693,845,999999999999999999999999999999999999999999999999999999999999999999999999999999999999999999999999,12/18/2023
295,483,738,,12/10/2023
296,445,223,$1.00,12/21/2023
297,132,137,‪‪test‪,12/13/2023
298,386,423,<script>alert('hi')</script>,12/15/2023
299,216,638,!@#$%^&*(),12/24/2023
300,714,575,✋🏿 💪🏿 👐🏿 🙌🏿 👏🏿 🙏🏿,12/26/2023
301,269,695,👩🏽,12/29/2023
302,988,913,<img src=x onerror=alert('hi') />,12/25/2023
303,94,715,ﾟ･✿ヾ╲(｡◕‿◕｡)╱✿･ﾟ,12/9/2023
304,973,972,NIL,12/19/2023
305,953,679,1/2,12/7/2023
306,349,654,",./;'[]\-=",12/25/2023
307,33,360,",./;'[]\-=",12/9/2023
308,183,121,null,12/15/2023
309,685,455,社會科學院語學研究所,12/7/2023
310,995,748,ヽ༼ຈل͜ຈ༽ﾉ ヽ༼ຈل͜ຈ༽ﾉ ,12/10/2023
311,296,236,１２３,12/28/2023
312,738,51,¡™£¢∞§¶•ªº–≠,12/7/2023
313,128,285,åß∂ƒ©˙∆˚¬…æ,12/29/2023
314,808,249,̗̺͖̹̯͓Ṯ̤͍̥͇͈h̲́e͏͓̼̗̙̼̣͔ ͇̜̱̠͓͍ͅN͕͠e̗̱z̘̝̜̺͙p̤̺̹͍̯͚e̠̻̠͜r̨̤͍̺̖͔̖̖d̠̟̭̬̝͟i̦͖̩͓͔̤a̠̗̬͉̙n͚͜ ̻̞̰͚ͅh̵͉i̳̞v̢͇ḙ͎͟-҉̭̩̼͔m̤̭̫i͕͇̝̦n̗͙ḍ̟ ̯̲͕͞ǫ̟̯̰̲͙̻̝f ̪̰̰̗̖̭̘͘c̦͍̲̞͍̩̙ḥ͚a̮͎̟̙͜ơ̩̹͎s̤.̝̝ ҉Z̡̖̜͖̰̣͉̜a͖̰͙̬͡l̲̫̳͍̩g̡̟̼̱͚̞̬ͅo̗͜.̟,12/29/2023
315,269,652,<script>alert('hi')</script>,12/24/2023
316,355,444,田中さんにあげて下さい,12/6/2023
317,952,926,‪‪test‪,12/30/2023
318,669,633,❤️ 💔 💌 💕 💞 💓 💗 💖 💘 💝 💟 💜 💛 💚 💙,12/27/2023
319,642,323,␡,12/2/2023
320,140,962,␡,12/17/2023
321,583,673,$1.00,12/4/2023
322,477,91,$1.00,12/14/2023
323,276,447,"__ﾛ(,_,*)",12/5/2023
324,242,167,❤️ 💔 💌 💕 💞 💓 💗 💖 💘 💝 💟 💜 💛 💚 💙,12/18/2023
325,505,114,᠎,12/14/2023
326,571,23,(╯°□°）╯︵ ┻━┻)  ,12/5/2023
327,275,343,社會科學院語學研究所,12/23/2023
328,48,204,Ω≈ç√∫˜µ≤≥÷,12/14/2023
329,382,303,̗̺͖̹̯͓Ṯ̤͍̥͇͈h̲́e͏͓̼̗̙̼̣͔ ͇̜̱̠͓͍ͅN͕͠e̗̱z̘̝̜̺͙p̤̺̹͍̯͚e̠̻̠͜r̨̤͍̺̖͔̖̖d̠̟̭̬̝͟i̦͖̩͓͔̤a̠̗̬͉̙n͚͜ ̻̞̰͚ͅh̵͉i̳̞v̢͇ḙ͎͟-҉̭̩̼͔m̤̭̫i͕͇̝̦n̗͙ḍ̟ ̯̲͕͞ǫ̟̯̰̲͙̻̝f ̪̰̰̗̖̭̘͘c̦͍̲̞͍̩̙ḥ͚a̮͎̟̙͜ơ̩̹͎s̤.̝̝ ҉Z̡̖̜͖̰̣͉̜a͖̰͙̬͡l̲̫̳͍̩g̡̟̼̱͚̞̬ͅo̗͜.̟,12/19/2023
330,672,871,・(￣∀￣)・:*:,12/15/2023
331,624,965,"""'""'""''''""",12/13/2023
332,551,818,␣,12/9/2023
333,440,649,0/0,12/16/2023
334,251,339,"בְּרֵאשִׁית, בָּרָא אֱלֹהִים, אֵת הַשָּׁמַיִם, וְאֵת הָאָרֶץ",12/26/2023
335,93,429,0.00,12/7/2023
336,235,642,​,12/7/2023
337,320,582,"""",12/19/2023
338,112,998,👩🏽,12/25/2023
339,158,685,test⁠test‫,12/6/2023
340,632,588,̡͓̞ͅI̗̘̦͝n͇͇͙v̮̫ok̲̫̙͈i̖͙̭̹̠̞n̡̻̮̣̺g̲͈͙̭͙̬͎ ̰t͔̦h̞̲e̢̤ ͍̬̲͖f̴̘͕̣è͖ẹ̥̩l͖͔͚i͓͚̦͠n͖͍̗͓̳̮g͍ ̨o͚̪͡f̘̣̬ ̖̘͖̟͙̮c҉͔̫͖͓͇͖ͅh̵̤̣͚͔á̗̼͕ͅo̼̣̥s̱͈̺̖̦̻͢.̛̖̞̠̫̰,12/12/2023
341,989,282,和製漢語,12/2/2023
342,473,164,œ∑´®†¥¨ˆøπ“‘,12/11/2023
343,29,177,"""",12/28/2023
344,882,12,¸˛Ç◊ı˜Â¯˘¿,12/29/2023
345,499,813,1E+02,12/21/2023
346,765,67,​,12/29/2023
347,251,22,NIL,12/16/2023
348,682,90,nil,12/6/2023
349,656,782,👾 🙇 💁 🙅 🙆 🙋 🙎 🙍 ,12/28/2023
350,801,503,1,12/19/2023
351,659,177,和製漢語,12/16/2023
352,136,776,"""'""'""''''""",12/8/2023
353,60,535,Ṱ̺̺̕o͞ ̷i̲̬͇̪͙n̝̗͕v̟̜̘̦͟o̶̙̰̠kè͚̮̺̪̹̱̤ ̖t̝͕̳̣̻̪͞h̼͓̲̦̳̘̲e͇̣̰̦̬͎ ̢̼̻̱̘h͚͎͙̜̣̲ͅi̦̲̣̰̤v̻͍e̺̭̳̪̰-m̢iͅn̖̺̞̲̯̰d̵̼̟͙̩̼̘̳ ̞̥̱̳̭r̛̗̘e͙p͠r̼̞̻̭̗e̺̠̣͟s̘͇̳͍̝͉e͉̥̯̞̲͚̬͜ǹ̬͎͎̟̖͇̤t͍̬̤͓̼̭͘ͅi̪̱n͠g̴͉ ͏͉ͅc̬̟h͡a̫̻̯͘o̫̟̖͍̙̝͉s̗̦̲.̨̹͈̣,12/11/2023
354,844,563,‪‪test‪,12/28/2023
355,194,915,̦H̬̤̗̤͝e͜ ̜̥̝̻͍̟́w̕h̖̯͓o̝͙̖͎̱̮ ҉̺̙̞̟͈W̷̼̭a̺̪͍į͈͕̭͙̯̜t̶̼̮s̘͙͖̕ ̠̫̠B̻͍͙͉̳ͅe̵h̵̬͇̫͙i̹͓̳̳̮͎̫̕n͟d̴̪̜̖ ̰͉̩͇͙̲͞ͅT͖̼͓̪͢h͏͓̮̻e̬̝̟ͅ ̤̹̝W͙̞̝͔͇͝ͅa͏͓͔̹̼̣l̴͔̰̤̟͔ḽ̫.͕,12/12/2023
356,126,553,⁰⁴⁵₀₁₂,12/12/2023
357,756,705,사회과학원 어학연구소,12/29/2023
358,647,261,₀₁₂,12/7/2023
359,196,588,"""",12/5/2023
360,660,300,⁦test⁧,12/28/2023
361,408,615,"ثم نفس سقطت وبالتحديد،, جزيرتي باستخدام أن دنو. إذ هنا؟ الستار وتنصيب كان. أهّل ايطاليا، بريطانيا-فرنسا قد أخذ. سليمان، إتفاقية بين ما, يذكر الحدود أي بعد, معاملة بولندا، الإطلاق عل إيو.",12/25/2023
362,32,115,̗̺͖̹̯͓Ṯ̤͍̥͇͈h̲́e͏͓̼̗̙̼̣͔ ͇̜̱̠͓͍ͅN͕͠e̗̱z̘̝̜̺͙p̤̺̹͍̯͚e̠̻̠͜r̨̤͍̺̖͔̖̖d̠̟̭̬̝͟i̦͖̩͓͔̤a̠̗̬͉̙n͚͜ ̻̞̰͚ͅh̵͉i̳̞v̢͇ḙ͎͟-҉̭̩̼͔m̤̭̫i͕͇̝̦n̗͙ḍ̟ ̯̲͕͞ǫ̟̯̰̲͙̻̝f ̪̰̰̗̖̭̘͘c̦͍̲̞͍̩̙ḥ͚a̮͎̟̙͜ơ̩̹͎s̤.̝̝ ҉Z̡̖̜͖̰̣͉̜a͖̰͙̬͡l̲̫̳͍̩g̡̟̼̱͚̞̬ͅo̗͜.̟,12/28/2023
363,712,43,✋🏿 💪🏿 👐🏿 🙌🏿 👏🏿 🙏🏿,12/3/2023
364,596,718,,12/10/2023
365,509,343,﻿,12/2/2023
366,199,649,1,12/23/2023
367,681,295,$1.00,12/24/2023
368,128,816,-1E02,12/24/2023
369,617,305,$1.00,12/21/2023
370,892,715,ÅÍÎÏ˝ÓÔÒÚÆ☃,12/10/2023
371,910,676,١٢٣,12/25/2023
372,392,333,1E2,12/7/2023
373,210,676,1;DROP TABLE users,12/4/2023
374,711,746,ﾟ･✿ヾ╲(｡◕‿◕｡)╱✿･ﾟ,12/8/2023
375,659,412,"<>?:""{}|_+",12/23/2023
376,561,665,../../../../../../../../../../../etc/hosts,12/7/2023
377,750,845,(｡◕ ∀ ◕｡),12/2/2023
378,586,928,👾 🙇 💁 🙅 🙆 🙋 🙎 🙍 ,12/7/2023
379,548,58,NIL,12/21/2023
380,810,303,ヽ༼ຈل͜ຈ༽ﾉ ヽ༼ຈل͜ຈ༽ﾉ ,12/28/2023
381,613,659,",./;'[]\-=",12/25/2023
382,624,464,ﾟ･✿ヾ╲(｡◕‿◕｡)╱✿･ﾟ,12/10/2023
383,254,593,울란바토르,12/17/2023
384,910,930,../../../../../../../../../../../etc/passwd%00,12/10/2023
385,202,42,",./;'[]\-=",12/20/2023
386,437,490,・(￣∀￣)・:*:,12/30/2023
387,206,75,⁦test⁧,12/7/2023
388,10,349,999999999999999999999999999999999999999999999999999999999999999999999999999999999999999999999999,12/13/2023
389,281,600,() { 0; }; touch /tmp/blns.shellshock1.fail;,12/7/2023
390,792,83,NIL,12/27/2023
391,726,605,␡,12/20/2023
392,50,44,',12/13/2023
393,647,168,Ω≈ç√∫˜µ≤≥÷,12/25/2023
394,613,106,<img src=x onerror=alert('hi') />,12/12/2023
395,412,997,̗̺͖̹̯͓Ṯ̤͍̥͇͈h̲́e͏͓̼̗̙̼̣͔ ͇̜̱̠͓͍ͅN͕͠e̗̱z̘̝̜̺͙p̤̺̹͍̯͚e̠̻̠͜r̨̤͍̺̖͔̖̖d̠̟̭̬̝͟i̦͖̩͓͔̤a̠̗̬͉̙n͚͜ ̻̞̰͚ͅh̵͉i̳̞v̢͇ḙ͎͟-҉̭̩̼͔m̤̭̫i͕͇̝̦n̗͙ḍ̟ ̯̲͕͞ǫ̟̯̰̲͙̻̝f ̪̰̰̗̖̭̘͘c̦͍̲̞͍̩̙ḥ͚a̮͎̟̙͜ơ̩̹͎s̤.̝̝ ҉Z̡̖̜͖̰̣͉̜a͖̰͙̬͡l̲̫̳͍̩g̡̟̼̱͚̞̬ͅo̗͜.̟,12/25/2023
396,754,615,/dev/null; touch /tmp/blns.fail ; echo,12/10/2023
397,829,721,999999999999999999999999999999999999999999999999999999999999999999999999999999999999999999999999,12/12/2023
398,690,440,`⁄€‹›ﬁﬂ‡°·‚—±,12/5/2023
399,433,107,œ∑´®†¥¨ˆøπ“‘,12/2/2023
400,499,150,ヽ༼ຈل͜ຈ༽ﾉ ヽ༼ຈل͜ຈ༽ﾉ ,12/5/2023
401,246,967,<svg><script>0<1>alert('XSS')</script>,12/5/2023
402,104,929,̡͓̞ͅI̗̘̦͝n͇͇͙v̮̫ok̲̫̙͈i̖͙̭̹̠̞n̡̻̮̣̺g̲͈͙̭͙̬͎ ̰t͔̦h̞̲e̢̤ ͍̬̲͖f̴̘͕̣è͖ẹ̥̩l͖͔͚i͓͚̦͠n͖͍̗͓̳̮g͍ ̨o͚̪͡f̘̣̬ ̖̘͖̟͙̮c҉͔̫͖͓͇͖ͅh̵̤̣͚͔á̗̼͕ͅo̼̣̥s̱͈̺̖̦̻͢.̛̖̞̠̫̰,12/25/2023
403,620,37, ,12/15/2023
404,246,950,⁦test⁧,12/28/2023
405,610,289,00˙Ɩ$-,12/28/2023
406,579,430,　,12/2/2023
407,993,367,👾 🙇 💁 🙅 🙆 🙋 🙎 🙍 ,12/27/2023
408,820,484,",。・:*:・゜’( ☻ ω ☻ )。・:*:・゜’",12/16/2023
409,754,292,/dev/null; touch /tmp/blns.fail ; echo,12/12/2023
410,733,957,᠎,12/15/2023
411,508,342,｀ｨ(´∀｀∩,12/6/2023
412,598,308,1/0,12/28/2023
413,790,994,울란바토르,12/1/2023
414,627,539,ヽ༼ຈل͜ຈ༽ﾉ ヽ༼ຈل͜ຈ༽ﾉ ,12/21/2023
415,823,821,-1E+02,12/10/2023
416,535,638,・(￣∀￣)・:*:,12/12/2023
417,441,141,̡͓̞ͅI̗̘̦͝n͇͇͙v̮̫ok̲̫̙͈i̖͙̭̹̠̞n̡̻̮̣̺g̲͈͙̭͙̬͎ ̰t͔̦h̞̲e̢̤ ͍̬̲͖f̴̘͕̣è͖ẹ̥̩l͖͔͚i͓͚̦͠n͖͍̗͓̳̮g͍ ̨o͚̪͡f̘̣̬ ̖̘͖̟͙̮c҉͔̫͖͓͇͖ͅh̵̤̣͚͔á̗̼͕ͅo̼̣̥s̱͈̺̖̦̻͢.̛̖̞̠̫̰,12/9/2023
418,939,848,和製漢語,12/20/2023
419,712,835,ÅÍÎÏ˝ÓÔÒÚÆ☃,12/25/2023
420,895,691,Ṱ̺̺̕o͞ ̷i̲̬͇̪͙n̝̗͕v̟̜̘̦͟o̶̙̰̠kè͚̮̺̪̹̱̤ ̖t̝͕̳̣̻̪͞h̼͓̲̦̳̘̲e͇̣̰̦̬͎ ̢̼̻̱̘h͚͎͙̜̣̲ͅi̦̲̣̰̤v̻͍e̺̭̳̪̰-m̢iͅn̖̺̞̲̯̰d̵̼̟͙̩̼̘̳ ̞̥̱̳̭r̛̗̘e͙p͠r̼̞̻̭̗e̺̠̣͟s̘͇̳͍̝͉e͉̥̯̞̲͚̬͜ǹ̬͎͎̟̖͇̤t͍̬̤͓̼̭͘ͅi̪̱n͠g̴͉ ͏͉ͅc̬̟h͡a̫̻̯͘o̫̟̖͍̙̝͉s̗̦̲.̨̹͈̣,12/17/2023
421,497,647,",。・:*:・゜’( ☻ ω ☻ )。・:*:・゜’",12/22/2023
422,21,571,和製漢語,12/23/2023
423,525,851,部落格,12/2/2023
424,580,232,1/0,12/19/2023
425,976,459,₀₁₂,12/21/2023
426,420,882,̗̺͖̹̯͓Ṯ̤͍̥͇͈h̲́e͏͓̼̗̙̼̣͔ ͇̜̱̠͓͍ͅN͕͠e̗̱z̘̝̜̺͙p̤̺̹͍̯͚e̠̻̠͜r̨̤͍̺̖͔̖̖d̠̟̭̬̝͟i̦͖̩͓͔̤a̠̗̬͉̙n͚͜ ̻̞̰͚ͅh̵͉i̳̞v̢͇ḙ͎͟-҉̭̩̼͔m̤̭̫i͕͇̝̦n̗͙ḍ̟ ̯̲͕͞ǫ̟̯̰̲͙̻̝f ̪̰̰̗̖̭̘͘c̦͍̲̞͍̩̙ḥ͚a̮͎̟̙͜ơ̩̹͎s̤.̝̝ ҉Z̡̖̜͖̰̣͉̜a͖̰͙̬͡l̲̫̳͍̩g̡̟̼̱͚̞̬ͅo̗͜.̟,12/12/2023
427,453,957,😍,12/12/2023
428,482,671,1'; DROP TABLE users--,12/5/2023
429,682,806,¸˛Ç◊ı˜Â¯˘¿,12/6/2023
430,92,261,/dev/null; touch /tmp/blns.fail ; echo,12/18/2023
431,431,764,"""'""'""''''""",12/24/2023
432,825,202,사회과학원 어학연구소,12/26/2023
433,218,706,"""",12/25/2023
434,410,917,1E2,12/28/2023
435,389,512,和製漢語,12/14/2023
436,365,103,"ثم نفس سقطت وبالتحديد،, جزيرتي باستخدام أن دنو. إذ هنا؟ الستار وتنصيب كان. أهّل ايطاليا، بريطانيا-فرنسا قد أخذ. سليمان، إتفاقية بين ما, يذكر الحدود أي بعد, معاملة بولندا، الإطلاق عل إيو.",12/27/2023
437,892,803,test⁠test‫,12/26/2023
438,147,617,NULL,12/15/2023
439,572,749,｀ｨ(´∀｀∩,12/24/2023
440,702,338,-1E+02,12/15/2023
441,923,81, ,12/4/2023
442,549,201,-1E02,12/17/2023
443,955,974,사회과학원 어학연구소,12/26/2023
444,654,708,部落格,12/1/2023
445,997,852,1E+02,12/4/2023
446,940,532,",。・:*:・゜’( ☻ ω ☻ )。・:*:・゜’",12/26/2023
447,682,862,'',12/19/2023
448,654,86,̡͓̞ͅI̗̘̦͝n͇͇͙v̮̫ok̲̫̙͈i̖͙̭̹̠̞n̡̻̮̣̺g̲͈͙̭͙̬͎ ̰t͔̦h̞̲e̢̤ ͍̬̲͖f̴̘͕̣è͖ẹ̥̩l͖͔͚i͓͚̦͠n͖͍̗͓̳̮g͍ ̨o͚̪͡f̘̣̬ ̖̘͖̟͙̮c҉͔̫͖͓͇͖ͅh̵̤̣͚͔á̗̼͕ͅo̼̣̥s̱͈̺̖̦̻͢.̛̖̞̠̫̰,12/6/2023
449,617,821,'',12/12/2023
450,231,983,1/0,12/20/2023
451,965,890,null,12/26/2023
452,541,659,١٢٣,12/27/2023
453,518,424,"בְּרֵאשִׁית, בָּרָא אֱלֹהִים, אֵת הַשָּׁמַיִם, וְאֵת הָאָרֶץ",12/20/2023
454,763,299,␢,12/22/2023
455,194,345,NULL,12/23/2023
456,213,349,｀ｨ(´∀｀∩,12/25/2023
457,199,222,'',12/21/2023
458,248,928,$1.00,12/18/2023
459,747,316,・(￣∀￣)・:*:,12/9/2023
460,347,417,-1E+02,12/6/2023
461,134,383,<img src=x onerror=alert('hi') />,12/8/2023
462,804,380,😍,12/4/2023
463,889,361,̦H̬̤̗̤͝e͜ ̜̥̝̻͍̟́w̕h̖̯͓o̝͙̖͎̱̮ ҉̺̙̞̟͈W̷̼̭a̺̪͍į͈͕̭͙̯̜t̶̼̮s̘͙͖̕ ̠̫̠B̻͍͙͉̳ͅe̵h̵̬͇̫͙i̹͓̳̳̮͎̫̕n͟d̴̪̜̖ ̰͉̩͇͙̲͞ͅT͖̼͓̪͢h͏͓̮̻e̬̝̟ͅ ̤̹̝W͙̞̝͔͇͝ͅa͏͓͔̹̼̣l̴͔̰̤̟͔ḽ̫.͕,12/20/2023
464,724,697,⁰⁴⁵,12/15/2023
465,607,34,␢,12/2/2023
466,872,585,‫test‫,12/12/2023
467,979,928,社會科學院語學研究所,12/22/2023
468,208,916,パーティーへ行かないか,12/26/2023
469,735,606,,12/2/2023
470,775,45,-1E+02,12/28/2023
471,559,287,١٢٣,12/11/2023
472,135,636,00˙Ɩ$-,12/26/2023
473,285,606,部落格,12/15/2023
474,505,830,␡,12/6/2023
475,534,553,null,12/13/2023
476,575,215,",./;'[]\-=",12/21/2023
477,310,202,"בְּרֵאשִׁית, בָּרָא אֱלֹהִים, אֵת הַשָּׁמַיִם, וְאֵת הָאָרֶץ",12/12/2023
478,481,294,-1,12/1/2023
479,519,477,<svg><script>0<1>alert('XSS')</script>,12/29/2023
480,965,817,👾 🙇 💁 🙅 🙆 🙋 🙎 🙍 ,12/10/2023
481,299,286,Œ„´‰ˇÁ¨ˆØ∏”’,12/21/2023
482,272,80,"ثم نفس سقطت وبالتحديد،, جزيرتي باستخدام أن دنو. إذ هنا؟ الستار وتنصيب كان. أهّل ايطاليا، بريطانيا-فرنسا قد أخذ. سليمان، إتفاقية بين ما, يذكر الحدود أي بعد, معاملة بولندا، الإطلاق عل إيو.",12/24/2023
483,155,689,¸˛Ç◊ı˜Â¯˘¿,12/20/2023
484,885,865, test ,12/28/2023
485,653,45,"""'""'""''''""",12/2/2023
486,829,813,👩🏽,12/18/2023
487,548,872,␢,12/8/2023
488,156,410,../../../../../../../../../../../etc/hosts,12/27/2023
489,323,768,和製漢語,12/10/2023
490,836,160,<img src=x onerror=alert('hi') />,12/5/2023
491,440,829,-1.00,12/13/2023
492,175,275,⁰⁴⁵,12/13/2023
493,613,211,␣,12/15/2023
494,49,545,nil,12/21/2023
495,915,934,1E2,12/17/2023
496,26,598,"""''''""'""",12/27/2023
497,417,684,ﾟ･✿ヾ╲(｡◕‿◕｡)╱✿･ﾟ,12/10/2023
498,299,72,(╯°□°）╯︵ ┻━┻)  ,12/14/2023
499,46,961,１２３,12/6/2023
500,362,413,社會科學院語學研究所,12/11/2023
501,15,474,｀ｨ(´∀｀∩,12/26/2023
502,533,56,$1.00,12/4/2023
503,147,280,../../../../../../../../../../../etc/passwd%00,12/7/2023
504,765,764,ÅÍÎÏ˝ÓÔÒÚÆ☃,12/5/2023
505,553,453,",./;'[]\-=",12/3/2023
506,149,358,👾 🙇 💁 🙅 🙆 🙋 🙎 🙍 ,12/20/2023
507,351,307,᠎,12/16/2023
508,429,263,社會科學院語學研究所,12/17/2023
509,228,297,0/0,12/1/2023
510,467,775,␢,12/16/2023
511,444,550,🚾 🆒 🆓 🆕 🆖 🆗 🆙 🏧,12/25/2023
512,929,685,🚾 🆒 🆓 🆕 🆖 🆗 🆙 🏧,12/21/2023
513,882,272,　,12/8/2023
514,535,993,test⁠test‫,12/14/2023
515,345,8,¡™£¢∞§¶•ªº–≠,12/29/2023
516,507,687,1E2,12/1/2023
517,542,89,(｡◕ ∀ ◕｡),12/13/2023
518,437,695,1,12/15/2023
519,593,248,<script>alert('hi')</script>,12/24/2023
520,180,385,사회과학원 어학연구소,12/3/2023
521,761,62,1;DROP TABLE users,12/17/2023
522,247,830,⁦test⁧,12/18/2023
523,4,262,울란바토르,12/12/2023
524,543,97,パーティーへ行かないか,12/6/2023
525,553,690,!@#$%^&*(),12/4/2023
526,164,239,1E2,12/3/2023
527,253,763,1E02,12/27/2023
528,453,444,"""""",12/26/2023
529,28,699,-1E02,12/12/2023
530,886,887,../../../../../../../../../../../etc/passwd%00,12/5/2023
531,918,598,‪‪test‪,12/25/2023
532,90,433,Ṱ̺̺̕o͞ ̷i̲̬͇̪͙n̝̗͕v̟̜̘̦͟o̶̙̰̠kè͚̮̺̪̹̱̤ ̖t̝͕̳̣̻̪͞h̼͓̲̦̳̘̲e͇̣̰̦̬͎ ̢̼̻̱̘h͚͎͙̜̣̲ͅi̦̲̣̰̤v̻͍e̺̭̳̪̰-m̢iͅn̖̺̞̲̯̰d̵̼̟͙̩̼̘̳ ̞̥̱̳̭r̛̗̘e͙p͠r̼̞̻̭̗e̺̠̣͟s̘͇̳͍̝͉e͉̥̯̞̲͚̬͜ǹ̬͎͎̟̖͇̤t͍̬̤͓̼̭͘ͅi̪̱n͠g̴͉ ͏͉ͅc̬̟h͡a̫̻̯͘o̫̟̖͍̙̝͉s̗̦̲.̨̹͈̣,12/24/2023
533,861,789,999999999999999999999999999999999999999999999999999999999999999999999999999999999999999999999999,12/11/2023
534,621,666,åß∂ƒ©˙∆˚¬…æ,12/22/2023
535,914,394,｀ｨ(´∀｀∩,12/15/2023
536,581,225,ﾟ･✿ヾ╲(｡◕‿◕｡)╱✿･ﾟ,12/11/2023
537,945,255,1E+02,12/12/2023
538,909,49,(╯°□°）╯︵ ┻━┻)  ,12/11/2023
539,920,972,・(￣∀￣)・:*:,12/9/2023
540,117,413,​,12/14/2023
541,19,34,-1E02,12/29/2023
542,745,160,👾 🙇 💁 🙅 🙆 🙋 🙎 🙍 ,12/23/2023
543,8,542,・(￣∀￣)・:*:,12/17/2023
544,642,860,"__ﾛ(,_,*)",12/13/2023
545,615,804,NULL,12/10/2023
546,676,90,‪‪test‪,12/9/2023
547,59,746,1.00,12/26/2023
548,927,156,울란바토르,12/8/2023
549,910,720,œ∑´®†¥¨ˆøπ“‘,12/14/2023
550,113,381,test⁠test‫,12/15/2023
551,547,756,Ṱ̺̺̕o͞ ̷i̲̬͇̪͙n̝̗͕v̟̜̘̦͟o̶̙̰̠kè͚̮̺̪̹̱̤ ̖t̝͕̳̣̻̪͞h̼͓̲̦̳̘̲e͇̣̰̦̬͎ ̢̼̻̱̘h͚͎͙̜̣̲ͅi̦̲̣̰̤v̻͍e̺̭̳̪̰-m̢iͅn̖̺̞̲̯̰d̵̼̟͙̩̼̘̳ ̞̥̱̳̭r̛̗̘e͙p͠r̼̞̻̭̗e̺̠̣͟s̘͇̳͍̝͉e͉̥̯̞̲͚̬͜ǹ̬͎͎̟̖͇̤t͍̬̤͓̼̭͘ͅi̪̱n͠g̴͉ ͏͉ͅc̬̟h͡a̫̻̯͘o̫̟̖͍̙̝͉s̗̦̲.̨̹͈̣,12/20/2023
552,881,988,() { 0; }; touch /tmp/blns.shellshock1.fail;,12/26/2023
553,920,781,和製漢語,12/22/2023
554,305,117,社會科學院語學研究所,12/6/2023
555,546,24,ÅÍÎÏ˝ÓÔÒÚÆ☃,12/30/2023
556,252,624,,12/22/2023
557,547,386,١٢٣,12/6/2023
558,144,780,NULL,12/16/2023
559,733,293,'',12/11/2023
560,806,714,-1,12/8/2023
561,332,972,-$1.00,12/4/2023
562,146,975,̡͓̞ͅI̗̘̦͝n͇͇͙v̮̫ok̲̫̙͈i̖͙̭̹̠̞n̡̻̮̣̺g̲͈͙̭͙̬͎ ̰t͔̦h̞̲e̢̤ ͍̬̲͖f̴̘͕̣è͖ẹ̥̩l͖͔͚i͓͚̦͠n͖͍̗͓̳̮g͍ ̨o͚̪͡f̘̣̬ ̖̘͖̟͙̮c҉͔̫͖͓͇͖ͅh̵̤̣͚͔á̗̼͕ͅo̼̣̥s̱͈̺̖̦̻͢.̛̖̞̠̫̰,12/5/2023
563,965,604,１２３,12/19/2023
564,126,484,"""""",12/15/2023
565,569,112,,12/26/2023
566,743,754,-1/2,12/6/2023
567,447,851,00˙Ɩ$-,12/8/2023
568,590,149,｀ｨ(´∀｀∩,12/1/2023
569,662,891,() { _; } >_[$($())] { touch /tmp/blns.shellshock2.fail; },12/25/2023
570,81,157,../../../../../../../../../../../etc/passwd%00,12/11/2023
571,340,908,../../../../../../../../../../../etc/hosts,12/7/2023
572,518,561,../../../../../../../../../../../etc/hosts,12/16/2023
573,175,12, test ,12/16/2023
574,115,532,1,12/11/2023
575,941,760,田中さんにあげて下さい,12/19/2023
576,420,569,"בְּרֵאשִׁית, בָּרָא אֱלֹהִים, אֵת הַשָּׁמַיִם, וְאֵת הָאָרֶץ",12/19/2023
577,623,983,0️⃣ 1️⃣ 2️⃣ 3️⃣ 4️⃣ 5️⃣ 6️⃣ 7️⃣ 8️⃣ 9️⃣ 🔟,12/11/2023
578,476,347,‪‪test‪,12/21/2023
579,181,283,᠎,12/26/2023
580,788,474,0.00,12/25/2023
581,975,786,-$1.00,12/28/2023
582,491,695,",./;'[]\-=",12/21/2023
583,454,404,⁰⁴⁵₀₁₂,12/21/2023
584,98,54,ﾟ･✿ヾ╲(｡◕‿◕｡)╱✿･ﾟ,12/20/2023
585,105,844,和製漢語,12/21/2023
586,70,813,⁰⁴⁵,12/22/2023
587,437,105,'',12/4/2023
588,541,658,",./;'[]\-=",12/8/2023
589,31,866,(╯°□°）╯︵ ┻━┻)  ,12/30/2023
590,220,415,̡͓̞ͅI̗̘̦͝n͇͇͙v̮̫ok̲̫̙͈i̖͙̭̹̠̞n̡̻̮̣̺g̲͈͙̭͙̬͎ ̰t͔̦h̞̲e̢̤ ͍̬̲͖f̴̘͕̣è͖ẹ̥̩l͖͔͚i͓͚̦͠n͖͍̗͓̳̮g͍ ̨o͚̪͡f̘̣̬ ̖̘͖̟͙̮c҉͔̫͖͓͇͖ͅh̵̤̣͚͔á̗̼͕ͅo̼̣̥s̱͈̺̖̦̻͢.̛̖̞̠̫̰,12/11/2023
591,184,914,Z̮̞̠͙͔ͅḀ̗̞͈̻̗Ḷ͙͎̯̹̞͓G̻O̭̗̮,12/23/2023
592,340,475,社會科學院語學研究所,12/17/2023
593,811,30,../../../../../../../../../../../etc/hosts,12/8/2023
594,344,337,👩🏽,12/9/2023
595,522,737,-1E02,12/15/2023
596,182,531,!@#$%^&*(),12/29/2023
597,888,863,"""'""'""''''""",12/15/2023
598,183,772,١٢٣,12/30/2023
599,937,390,₀₁₂,12/3/2023
600,747,653,　,12/14/2023
601,214,491,"""",12/15/2023
602,427,778,',12/16/2023
603,518,559,(╯°□°）╯︵ ┻━┻)  ,12/10/2023
604,720,515,"""'""'""''''""",12/22/2023
605,790,225,和製漢語,12/6/2023
606,104,272,1/2,12/12/2023
607,30,357,"__ﾛ(,_,*)",12/25/2023
608,280,250,',12/20/2023
609,837,918,"<>?:""{}|_+",12/15/2023
610,247,601,1'; DROP TABLE users--,12/17/2023
611,410,961,`⁄€‹›ﬁﬂ‡°·‚—±,12/23/2023
612,423,640,"""",12/4/2023
613,395,656,̦H̬̤̗̤͝e͜ ̜̥̝̻͍̟́w̕h̖̯͓o̝͙̖͎̱̮ ҉̺̙̞̟͈W̷̼̭a̺̪͍į͈͕̭͙̯̜t̶̼̮s̘͙͖̕ ̠̫̠B̻͍͙͉̳ͅe̵h̵̬͇̫͙i̹͓̳̳̮͎̫̕n͟d̴̪̜̖ ̰͉̩͇͙̲͞ͅT͖̼͓̪͢h͏͓̮̻e̬̝̟ͅ ̤̹̝W͙̞̝͔͇͝ͅa͏͓͔̹̼̣l̴͔̰̤̟͔ḽ̫.͕,12/24/2023
614,275,303,NIL,12/21/2023
615,549,480,999999999999999999999999999999999999999999999999999999999999999999999999999999999999999999999999,12/19/2023
616,945,49,`⁄€‹›ﬁﬂ‡°·‚—±,12/1/2023
617,851,431,パーティーへ行かないか,12/14/2023
618,231,679,ﾟ･✿ヾ╲(｡◕‿◕｡)╱✿･ﾟ,12/4/2023
619,37,797,ﾟ･✿ヾ╲(｡◕‿◕｡)╱✿･ﾟ,12/1/2023
620,557,959,ヽ༼ຈل͜ຈ༽ﾉ ヽ༼ຈل͜ຈ༽ﾉ ,12/17/2023
621,271,182,"<>?:""{}|_+",12/17/2023
622,23,583,ヽ༼ຈل͜ຈ༽ﾉ ヽ༼ຈل͜ຈ༽ﾉ ,12/17/2023
623,178,803,¡™£¢∞§¶•ªº–≠,12/11/2023
624,211,121,"""",12/1/2023
625,510,938,<script>alert('hi')</script>,12/23/2023
626,821,615,nil,12/3/2023
627,210,46,(╯°□°）╯︵ ┻━┻)  ,12/17/2023
628,637,898,() { _; } >_[$($())] { touch /tmp/blns.shellshock2.fail; },12/3/2023
629,858,791, ,12/16/2023
630,703,525,ÅÍÎÏ˝ÓÔÒÚÆ☃,12/20/2023
631,708,378,0/0,12/3/2023
632,159,745,../../../../../../../../../../../etc/hosts,12/14/2023
633,492,661,␢,12/3/2023
634,974,165,"'""'",12/3/2023
635,967,918,Œ„´‰ˇÁ¨ˆØ∏”’,12/19/2023
636,623,618,<img src=x onerror=alert('hi') />,12/5/2023
637,197,103,ÅÍÎÏ˝ÓÔÒÚÆ☃,12/16/2023
638,313,695,-$1.00,12/26/2023
639,593,223,0/0,12/4/2023
640,503,826,œ∑´®†¥¨ˆøπ“‘,12/9/2023
641,575,206,/dev/null; touch /tmp/blns.fail ; echo,12/24/2023
642,339,880,0/0,12/13/2023
643,836,441,᠎,12/8/2023
644,937,818,-1E+02,12/23/2023
645,414,652,Z̮̞̠͙͔ͅḀ̗̞͈̻̗Ḷ͙͎̯̹̞͓G̻O̭̗̮,12/1/2023
646,949,212,🐵 🙈 🙉 🙊,12/25/2023
647,152,505,,12/10/2023
648,992,52,NULL,12/14/2023
649,923,628,١٢٣,12/18/2023
650,804,945,",./;'[]\-=",12/3/2023
651,866,678,-1E+02,12/6/2023
652,817,846,사회과학원 어학연구소,12/7/2023
653,1000,105,사회과학원 어학연구소,12/29/2023
654,677,348,社會科學院語學研究所,12/17/2023
655,622,240,1E2,12/26/2023
656,21,481,NIL,12/6/2023
657,264,226,⁦test⁧,12/22/2023
658,777,910,$1.00,12/21/2023
659,36,931,Z̮̞̠͙͔ͅḀ̗̞͈̻̗Ḷ͙͎̯̹̞͓G̻O̭̗̮,12/23/2023
660,782,919,'',12/15/2023
661,653,28,₀₁₂,12/20/2023
662,177,334,"""''''""'""",12/1/2023
663,176,542,-1,12/26/2023
664,128,978,"""'""'""''''""",12/1/2023
665,681,275,‪‪test‪,12/23/2023
666,372,54,<svg><script>0<1>alert('XSS')</script>,12/19/2023
667,790,37,␢,12/21/2023
668,287,135,<svg><script>0<1>alert('XSS')</script>,12/2/2023
669,469,917,(ﾉಥ益ಥ）ﾉ﻿ ┻━┻,12/17/2023
670,947,704,¡™£¢∞§¶•ªº–≠,12/11/2023
671,412,469,Ṱ̺̺̕o͞ ̷i̲̬͇̪͙n̝̗͕v̟̜̘̦͟o̶̙̰̠kè͚̮̺̪̹̱̤ ̖t̝͕̳̣̻̪͞h̼͓̲̦̳̘̲e͇̣̰̦̬͎ ̢̼̻̱̘h͚͎͙̜̣̲ͅi̦̲̣̰̤v̻͍e̺̭̳̪̰-m̢iͅn̖̺̞̲̯̰d̵̼̟͙̩̼̘̳ ̞̥̱̳̭r̛̗̘e͙p͠r̼̞̻̭̗e̺̠̣͟s̘͇̳͍̝͉e͉̥̯̞̲͚̬͜ǹ̬͎͎̟̖͇̤t͍̬̤͓̼̭͘ͅi̪̱n͠g̴͉ ͏͉ͅc̬̟h͡a̫̻̯͘o̫̟̖͍̙̝͉s̗̦̲.̨̹͈̣,12/13/2023
672,793,699,̗̺͖̹̯͓Ṯ̤͍̥͇͈h̲́e͏͓̼̗̙̼̣͔ ͇̜̱̠͓͍ͅN͕͠e̗̱z̘̝̜̺͙p̤̺̹͍̯͚e̠̻̠͜r̨̤͍̺̖͔̖̖d̠̟̭̬̝͟i̦͖̩͓͔̤a̠̗̬͉̙n͚͜ ̻̞̰͚ͅh̵͉i̳̞v̢͇ḙ͎͟-҉̭̩̼͔m̤̭̫i͕͇̝̦n̗͙ḍ̟ ̯̲͕͞ǫ̟̯̰̲͙̻̝f ̪̰̰̗̖̭̘͘c̦͍̲̞͍̩̙ḥ͚a̮͎̟̙͜ơ̩̹͎s̤.̝̝ ҉Z̡̖̜͖̰̣͉̜a͖̰͙̬͡l̲̫̳͍̩g̡̟̼̱͚̞̬ͅo̗͜.̟,12/2/2023
673,236,547,١٢٣,12/30/2023
674,369,622,사회과학원 어학연구소,12/15/2023
675,951,24,-1E+02,12/29/2023
676,626,226,-1E2,12/5/2023
677,947,822,⁰⁴⁵,12/30/2023
678,56,374,NIL,12/14/2023
679,558,803,ÅÍÎÏ˝ÓÔÒÚÆ☃,12/5/2023
680,392,706,",。・:*:・゜’( ☻ ω ☻ )。・:*:・゜’",12/11/2023
681,50,138,999999999999999999999999999999999999999999999999999999999999999999999999999999999999999999999999,12/14/2023
682,606,754,"<>?:""{}|_+",12/14/2023
683,484,619,̗̺͖̹̯͓Ṯ̤͍̥͇͈h̲́e͏͓̼̗̙̼̣͔ ͇̜̱̠͓͍ͅN͕͠e̗̱z̘̝̜̺͙p̤̺̹͍̯͚e̠̻̠͜r̨̤͍̺̖͔̖̖d̠̟̭̬̝͟i̦͖̩͓͔̤a̠̗̬͉̙n͚͜ ̻̞̰͚ͅh̵͉i̳̞v̢͇ḙ͎͟-҉̭̩̼͔m̤̭̫i͕͇̝̦n̗͙ḍ̟ ̯̲͕͞ǫ̟̯̰̲͙̻̝f ̪̰̰̗̖̭̘͘c̦͍̲̞͍̩̙ḥ͚a̮͎̟̙͜ơ̩̹͎s̤.̝̝ ҉Z̡̖̜͖̰̣͉̜a͖̰͙̬͡l̲̫̳͍̩g̡̟̼̱͚̞̬ͅo̗͜.̟,12/8/2023
684,176,439,˙ɐnbᴉlɐ ɐuƃɐɯ ǝɹolop ʇǝ ǝɹoqɐl ʇn ʇunpᴉpᴉɔuᴉ ɹodɯǝʇ poɯsnᴉǝ op pǝs 'ʇᴉlǝ ƃuᴉɔsᴉdᴉpɐ ɹnʇǝʇɔǝsuoɔ 'ʇǝɯɐ ʇᴉs ɹolop ɯnsdᴉ ɯǝɹo˥,12/4/2023
685,84,932,パーティーへ行かないか,12/26/2023
686,986,881,null,12/10/2023
687,324,548,null,12/25/2023
688,401,759,"""'""'""''''""",12/22/2023
689,63,506,NIL,12/13/2023
690,599,549,Z̮̞̠͙͔ͅḀ̗̞͈̻̗Ḷ͙͎̯̹̞͓G̻O̭̗̮,12/25/2023
691,759,784,0️⃣ 1️⃣ 2️⃣ 3️⃣ 4️⃣ 5️⃣ 6️⃣ 7️⃣ 8️⃣ 9️⃣ 🔟,12/8/2023
692,881,707,̗̺͖̹̯͓Ṯ̤͍̥͇͈h̲́e͏͓̼̗̙̼̣͔ ͇̜̱̠͓͍ͅN͕͠e̗̱z̘̝̜̺͙p̤̺̹͍̯͚e̠̻̠͜r̨̤͍̺̖͔̖̖d̠̟̭̬̝͟i̦͖̩͓͔̤a̠̗̬͉̙n͚͜ ̻̞̰͚ͅh̵͉i̳̞v̢͇ḙ͎͟-҉̭̩̼͔m̤̭̫i͕͇̝̦n̗͙ḍ̟ ̯̲͕͞ǫ̟̯̰̲͙̻̝f ̪̰̰̗̖̭̘͘c̦͍̲̞͍̩̙ḥ͚a̮͎̟̙͜ơ̩̹͎s̤.̝̝ ҉Z̡̖̜͖̰̣͉̜a͖̰͙̬͡l̲̫̳͍̩g̡̟̼̱͚̞̬ͅo̗͜.̟,12/1/2023
693,855,106,(｡◕ ∀ ◕｡),12/19/2023
694,612,209,Ṱ̺̺̕o͞ ̷i̲̬͇̪͙n̝̗͕v̟̜̘̦͟o̶̙̰̠kè͚̮̺̪̹̱̤ ̖t̝͕̳̣̻̪͞h̼͓̲̦̳̘̲e͇̣̰̦̬͎ ̢̼̻̱̘h͚͎͙̜̣̲ͅi̦̲̣̰̤v̻͍e̺̭̳̪̰-m̢iͅn̖̺̞̲̯̰d̵̼̟͙̩̼̘̳ ̞̥̱̳̭r̛̗̘e͙p͠r̼̞̻̭̗e̺̠̣͟s̘͇̳͍̝͉e͉̥̯̞̲͚̬͜ǹ̬͎͎̟̖͇̤t͍̬̤͓̼̭͘ͅi̪̱n͠g̴͉ ͏͉ͅc̬̟h͡a̫̻̯͘o̫̟̖͍̙̝͉s̗̦̲.̨̹͈̣,12/29/2023
695,100,553,Œ„´‰ˇÁ¨ˆØ∏”’,12/17/2023
696,370,223,`⁄€‹›ﬁﬂ‡°·‚—±,12/3/2023
697,252,181,✋🏿 💪🏿 👐🏿 🙌🏿 👏🏿 🙏🏿,12/14/2023
698,44,268,(╯°□°）╯︵ ┻━┻)  ,12/7/2023
699,854,319,Œ„´‰ˇÁ¨ˆØ∏”’,12/11/2023
700,915,876,𠜎𠜱𠝹𠱓𠱸𠲖𠳏,12/14/2023
701,857,235, test ,12/13/2023
702,86,322,"""""",12/10/2023
703,79,194,1'; DROP TABLE users--,12/6/2023
704,355,11,‫test‫,12/19/2023
705,581,319, ,12/23/2023
706,123,785,　,12/11/2023
707,516,900,1E+02,12/8/2023
708,303,770,"ثم نفس سقطت وبالتحديد،, جزيرتي باستخدام أن دنو. إذ هنا؟ الستار وتنصيب كان. أهّل ايطاليا، بريطانيا-فرنسا قد أخذ. سليمان، إتفاقية بين ما, يذكر الحدود أي بعد, معاملة بولندا، الإطلاق عل إيو.",12/17/2023
709,624,343,"ثم نفس سقطت وبالتحديد،, جزيرتي باستخدام أن دنو. إذ هنا؟ الستار وتنصيب كان. أهّل ايطاليا، بريطانيا-فرنسا قد أخذ. سليمان، إتفاقية بين ما, يذكر الحدود أي بعد, معاملة بولندا، الإطلاق عل إيو.",12/7/2023
710,568,983,Œ„´‰ˇÁ¨ˆØ∏”’,12/21/2023
711,591,152,0️⃣ 1️⃣ 2️⃣ 3️⃣ 4️⃣ 5️⃣ 6️⃣ 7️⃣ 8️⃣ 9️⃣ 🔟,12/25/2023
712,336,171,¸˛Ç◊ı˜Â¯˘¿,12/6/2023
713,61,458,₀₁₂,12/13/2023
714,246,990,00˙Ɩ$-,12/26/2023
715,679,542,⁰⁴⁵₀₁₂,12/30/2023
716,353,531,-$1.00,12/1/2023
717,506,282,(｡◕ ∀ ◕｡),12/6/2023
718,400,977,1,12/22/2023
719,484,92,울란바토르,12/18/2023
720,699,210,1E2,12/3/2023
721,640,753,0️⃣ 1️⃣ 2️⃣ 3️⃣ 4️⃣ 5️⃣ 6️⃣ 7️⃣ 8️⃣ 9️⃣ 🔟,12/19/2023
722,475,459,␢,12/20/2023
723,84,544,!@#$%^&*(),12/22/2023
724,814,191,1.00,12/12/2023
725,360,873,｀ｨ(´∀｀∩,12/16/2023
726,627,313,"""''''""'""",12/12/2023
727,272,902,0️⃣ 1️⃣ 2️⃣ 3️⃣ 4️⃣ 5️⃣ 6️⃣ 7️⃣ 8️⃣ 9️⃣ 🔟,12/14/2023
728,721,435,åß∂ƒ©˙∆˚¬…æ,12/6/2023
729,984,51,１２３,12/1/2023
730,529,616,ÅÍÎÏ˝ÓÔÒÚÆ☃,12/28/2023
731,653,284,(｡◕ ∀ ◕｡),12/16/2023
732,145,790,ÅÍÎÏ˝ÓÔÒÚÆ☃,12/9/2023
733,307,996,⁰⁴⁵,12/6/2023
734,490,361, ,12/8/2023
735,10,647,"<>?:""{}|_+",12/19/2023
736,756,769,␢,12/12/2023
737,337,542,'',12/9/2023
738,843,622, ,12/29/2023
739,238,756,١٢٣,12/12/2023
740,994,633,❤️ 💔 💌 💕 💞 💓 💗 💖 💘 💝 💟 💜 💛 💚 💙,12/18/2023
741,862,623,部落格,12/19/2023
742,150,276,␡,12/30/2023
743,829,530,␡,12/6/2023
744,188,669,../../../../../../../../../../../etc/hosts,12/27/2023
745,809,498,¡™£¢∞§¶•ªº–≠,12/11/2023
746,176,903,␢,12/7/2023
747,433,879,() { 0; }; touch /tmp/blns.shellshock1.fail;,12/3/2023
748,280,671,１２３,12/18/2023
749,530,650,',12/23/2023
750,528,766,../../../../../../../../../../../etc/hosts,12/6/2023
751,979,441,-1E+02,12/27/2023
752,559,655,../../../../../../../../../../../etc/passwd%00,12/20/2023
753,384,603,ヽ༼ຈل͜ຈ༽ﾉ ヽ༼ຈل͜ຈ༽ﾉ ,12/3/2023
754,45,720,🐵 🙈 🙉 🙊,12/4/2023
755,484,41,Z̮̞̠͙͔ͅḀ̗̞͈̻̗Ḷ͙͎̯̹̞͓G̻O̭̗̮,12/9/2023
756,848,428,１２３,12/4/2023
757,502,282,‫test‫,12/1/2023
758,671,806,() { _; } >_[$($())] { touch /tmp/blns.shellshock2.fail; },12/15/2023
759,575,920,œ∑´®†¥¨ˆøπ“‘,12/23/2023
760,994,699,₀₁₂,12/25/2023
761,224,734,田中さんにあげて下さい,12/17/2023
762,319,101,null,12/20/2023
763,851,584, ,12/1/2023
764,542,703,1/0,12/12/2023
765,50,301,​,12/30/2023
766,201,487,NIL,12/15/2023
767,741,175,ÅÍÎÏ˝ÓÔÒÚÆ☃,12/13/2023
768,667,143,<script>alert('hi')</script>,12/15/2023
769,982,322,﻿,12/16/2023
770,969,570,`⁄€‹›ﬁﬂ‡°·‚—±,12/17/2023
771,292,623,nil,12/25/2023
772,822,773,(╯°□°）╯︵ ┻━┻)  ,12/16/2023
773,393,277,"<>?:""{}|_+",12/12/2023
774,578,795,␢,12/8/2023
775,417,444,田中さんにあげて下さい,12/27/2023
776,669,763,Z̮̞̠͙͔ͅḀ̗̞͈̻̗Ḷ͙͎̯̹̞͓G̻O̭̗̮,12/3/2023
777,961,484, ,12/6/2023
778,898,556,"ثم نفس سقطت وبالتحديد،, جزيرتي باستخدام أن دنو. إذ هنا؟ الستار وتنصيب كان. أهّل ايطاليا، بريطانيا-فرنسا قد أخذ. سليمان، إتفاقية بين ما, يذكر الحدود أي بعد, معاملة بولندا، الإطلاق عل إيو.",12/7/2023
779,555,475,Œ„´‰ˇÁ¨ˆØ∏”’,12/20/2023
780,367,12,社會科學院語學研究所,12/28/2023
781,418,636,<img src=x onerror=alert('hi') />,12/17/2023
782,534,891,̡͓̞ͅI̗̘̦͝n͇͇͙v̮̫ok̲̫̙͈i̖͙̭̹̠̞n̡̻̮̣̺g̲͈͙̭͙̬͎ ̰t͔̦h̞̲e̢̤ ͍̬̲͖f̴̘͕̣è͖ẹ̥̩l͖͔͚i͓͚̦͠n͖͍̗͓̳̮g͍ ̨o͚̪͡f̘̣̬ ̖̘͖̟͙̮c҉͔̫͖͓͇͖ͅh̵̤̣͚͔á̗̼͕ͅo̼̣̥s̱͈̺̖̦̻͢.̛̖̞̠̫̰,12/27/2023
783,98,172,١٢٣,12/20/2023
784,796,76,1E+02,12/20/2023
785,546,739,NULL,12/24/2023
786,732,867,𠜎𠜱𠝹𠱓𠱸𠲖𠳏,12/24/2023
787,666,620,パーティーへ行かないか,12/25/2023
788,969,824,田中さんにあげて下さい,12/26/2023
789,330,74,﻿,12/25/2023
790,634,410,✋🏿 💪🏿 👐🏿 🙌🏿 👏🏿 🙏🏿,12/17/2023
791,256,66,/dev/null; touch /tmp/blns.fail ; echo,12/29/2023
792,894,235,˙ɐnbᴉlɐ ɐuƃɐɯ ǝɹolop ʇǝ ǝɹoqɐl ʇn ʇunpᴉpᴉɔuᴉ ɹodɯǝʇ poɯsnᴉǝ op pǝs 'ʇᴉlǝ ƃuᴉɔsᴉdᴉpɐ ɹnʇǝʇɔǝsuoɔ 'ʇǝɯɐ ʇᴉs ɹolop ɯnsdᴉ ɯǝɹo˥,12/27/2023
793,726,751,0/0,12/3/2023
794,206,447,"""'""'""''''""",12/19/2023
795,329,416,/dev/null; touch /tmp/blns.fail ; echo,12/28/2023
796,467,422,１２３,12/1/2023
797,280,459,'',12/13/2023
798,122,511,<script>alert('hi')</script>,12/28/2023
799,826,407,1/2,12/30/2023
800,70,309,$1.00,12/12/2023
801,453,862,null,12/6/2023
802,319,339,0️⃣ 1️⃣ 2️⃣ 3️⃣ 4️⃣ 5️⃣ 6️⃣ 7️⃣ 8️⃣ 9️⃣ 🔟,12/23/2023
803,551,630,␡,12/16/2023
804,113,849,‪‪test‪,12/11/2023
805,741,136,Z̮̞̠͙͔ͅḀ̗̞͈̻̗Ḷ͙͎̯̹̞͓G̻O̭̗̮,12/10/2023
806,484,480,-1E2,12/2/2023
807,349,576,nil,12/30/2023
808,437,699,<script>alert('hi')</script>,12/13/2023
809,77,948,0️⃣ 1️⃣ 2️⃣ 3️⃣ 4️⃣ 5️⃣ 6️⃣ 7️⃣ 8️⃣ 9️⃣ 🔟,12/5/2023
810,573,647,사회과학원 어학연구소,12/11/2023
811,64,3,<img src=x onerror=alert('hi') />,12/21/2023
812,315,854,",。・:*:・゜’( ☻ ω ☻ )。・:*:・゜’",12/27/2023
813,413,285,Ṱ̺̺̕o͞ ̷i̲̬͇̪͙n̝̗͕v̟̜̘̦͟o̶̙̰̠kè͚̮̺̪̹̱̤ ̖t̝͕̳̣̻̪͞h̼͓̲̦̳̘̲e͇̣̰̦̬͎ ̢̼̻̱̘h͚͎͙̜̣̲ͅi̦̲̣̰̤v̻͍e̺̭̳̪̰-m̢iͅn̖̺̞̲̯̰d̵̼̟͙̩̼̘̳ ̞̥̱̳̭r̛̗̘e͙p͠r̼̞̻̭̗e̺̠̣͟s̘͇̳͍̝͉e͉̥̯̞̲͚̬͜ǹ̬͎͎̟̖͇̤t͍̬̤͓̼̭͘ͅi̪̱n͠g̴͉ ͏͉ͅc̬̟h͡a̫̻̯͘o̫̟̖͍̙̝͉s̗̦̲.̨̹͈̣,12/21/2023
814,420,766,-$1.00,12/17/2023
815,762,386,1,12/28/2023
816,653,303,　,12/11/2023
817,311,957,̗̺͖̹̯͓Ṯ̤͍̥͇͈h̲́e͏͓̼̗̙̼̣͔ ͇̜̱̠͓͍ͅN͕͠e̗̱z̘̝̜̺͙p̤̺̹͍̯͚e̠̻̠͜r̨̤͍̺̖͔̖̖d̠̟̭̬̝͟i̦͖̩͓͔̤a̠̗̬͉̙n͚͜ ̻̞̰͚ͅh̵͉i̳̞v̢͇ḙ͎͟-҉̭̩̼͔m̤̭̫i͕͇̝̦n̗͙ḍ̟ ̯̲͕͞ǫ̟̯̰̲͙̻̝f ̪̰̰̗̖̭̘͘c̦͍̲̞͍̩̙ḥ͚a̮͎̟̙͜ơ̩̹͎s̤.̝̝ ҉Z̡̖̜͖̰̣͉̜a͖̰͙̬͡l̲̫̳͍̩g̡̟̼̱͚̞̬ͅo̗͜.̟,12/1/2023
818,639,869,𠜎𠜱𠝹𠱓𠱸𠲖𠳏,12/4/2023
819,151,291,NIL,12/1/2023
820,405,489,null,12/24/2023
821,560,978,🚾 🆒 🆓 🆕 🆖 🆗 🆙 🏧,12/14/2023
822,951,495,🚾 🆒 🆓 🆕 🆖 🆗 🆙 🏧,12/15/2023
823,985,997,test⁠test‫,12/22/2023
824,127,198,␡,12/17/2023
825,866,574,¸˛Ç◊ı˜Â¯˘¿,12/5/2023
826,991,920,₀₁₂,12/26/2023
827,112,13,() { 0; }; touch /tmp/blns.shellshock1.fail;,12/27/2023
828,272,168,̗̺͖̹̯͓Ṯ̤͍̥͇͈h̲́e͏͓̼̗̙̼̣͔ ͇̜̱̠͓͍ͅN͕͠e̗̱z̘̝̜̺͙p̤̺̹͍̯͚e̠̻̠͜r̨̤͍̺̖͔̖̖d̠̟̭̬̝͟i̦͖̩͓͔̤a̠̗̬͉̙n͚͜ ̻̞̰͚ͅh̵͉i̳̞v̢͇ḙ͎͟-҉̭̩̼͔m̤̭̫i͕͇̝̦n̗͙ḍ̟ ̯̲͕͞ǫ̟̯̰̲͙̻̝f ̪̰̰̗̖̭̘͘c̦͍̲̞͍̩̙ḥ͚a̮͎̟̙͜ơ̩̹͎s̤.̝̝ ҉Z̡̖̜͖̰̣͉̜a͖̰͙̬͡l̲̫̳͍̩g̡̟̼̱͚̞̬ͅo̗͜.̟,12/16/2023
829,95,7,"""'""'""''''""",12/9/2023
830,911,948,-1,12/9/2023
831,351,883,1/2,12/15/2023
832,931,10,‪‪test‪,12/20/2023
833,842,591,/dev/null; touch /tmp/blns.fail ; echo,12/1/2023
834,386,737,₀₁₂,12/7/2023
835,928,96,999999999999999999999999999999999999999999999999999999999999999999999999999999999999999999999999,12/20/2023
836,675,785,1/2,12/8/2023
837,382,118,0.00,12/9/2023
838,180,718,田中さんにあげて下さい,12/18/2023
839,978,121,社會科學院語學研究所,12/30/2023
840,710,199,울란바토르,12/7/2023
841,359,468,‫test‫,12/28/2023
842,203,556,00˙Ɩ$-,12/24/2023
843,684,566,nil,12/1/2023
844,150,477, ,12/27/2023
845,224,799,¸˛Ç◊ı˜Â¯˘¿,12/11/2023
846,38,782,˙ɐnbᴉlɐ ɐuƃɐɯ ǝɹolop ʇǝ ǝɹoqɐl ʇn ʇunpᴉpᴉɔuᴉ ɹodɯǝʇ poɯsnᴉǝ op pǝs 'ʇᴉlǝ ƃuᴉɔsᴉdᴉpɐ ɹnʇǝʇɔǝsuoɔ 'ʇǝɯɐ ʇᴉs ɹolop ɯnsdᴉ ɯǝɹo˥,12/10/2023
847,608,898,00˙Ɩ$-,12/25/2023
848,489,781,"ثم نفس سقطت وبالتحديد،, جزيرتي باستخدام أن دنو. إذ هنا؟ الستار وتنصيب كان. أهّل ايطاليا، بريطانيا-فرنسا قد أخذ. سليمان، إتفاقية بين ما, يذكر الحدود أي بعد, معاملة بولندا، الإطلاق عل إيو.",12/22/2023
849,171,577,᠎,12/20/2023
850,835,415,-1E02,12/26/2023
851,104,689,1;DROP TABLE users,12/21/2023
852,527,931,-1E+02,12/25/2023
853,862,15,｀ｨ(´∀｀∩,12/21/2023
854,145,427,åß∂ƒ©˙∆˚¬…æ,12/8/2023
855,314,663,1/2,12/14/2023
856,759,350, ,12/2/2023
857,370,424,<script>alert('hi')</script>,12/11/2023
858,97,806,̦H̬̤̗̤͝e͜ ̜̥̝̻͍̟́w̕h̖̯͓o̝͙̖͎̱̮ ҉̺̙̞̟͈W̷̼̭a̺̪͍į͈͕̭͙̯̜t̶̼̮s̘͙͖̕ ̠̫̠B̻͍͙͉̳ͅe̵h̵̬͇̫͙i̹͓̳̳̮͎̫̕n͟d̴̪̜̖ ̰͉̩͇͙̲͞ͅT͖̼͓̪͢h͏͓̮̻e̬̝̟ͅ ̤̹̝W͙̞̝͔͇͝ͅa͏͓͔̹̼̣l̴͔̰̤̟͔ḽ̫.͕,12/20/2023
859,732,402,nil,12/10/2023
860,284,131,⁦test⁧,12/21/2023
861,548,381,00˙Ɩ$-,12/13/2023
862,302,678,<img src=x onerror=alert('hi') />,12/9/2023
863,171,696,⁰⁴⁵₀₁₂,12/9/2023
864,214,626,NULL,12/5/2023
865,387,277,﻿,12/21/2023
866,916,881,␢,12/20/2023
867,643,220,パーティーへ行かないか,12/3/2023
868,84,88,｀ｨ(´∀｀∩,12/21/2023
869,24,951,␡,12/11/2023
870,636,965,",./;'[]\-=",12/3/2023
871,79,724,👩🏽,12/1/2023
872,366,600,"ثم نفس سقطت وبالتحديد،, جزيرتي باستخدام أن دنو. إذ هنا؟ الستار وتنصيب كان. أهّل ايطاليا، بريطانيا-فرنسا قد أخذ. سليمان، إتفاقية بين ما, يذكر الحدود أي بعد, معاملة بولندا، الإطلاق عل إيو.",12/18/2023
873,517,57,𠜎𠜱𠝹𠱓𠱸𠲖𠳏,12/13/2023
874,786,333,() { _; } >_[$($())] { touch /tmp/blns.shellshock2.fail; },12/22/2023
875,485,719,NULL,12/8/2023
876,724,464,1;DROP TABLE users,12/27/2023
877,15,461,̗̺͖̹̯͓Ṯ̤͍̥͇͈h̲́e͏͓̼̗̙̼̣͔ ͇̜̱̠͓͍ͅN͕͠e̗̱z̘̝̜̺͙p̤̺̹͍̯͚e̠̻̠͜r̨̤͍̺̖͔̖̖d̠̟̭̬̝͟i̦͖̩͓͔̤a̠̗̬͉̙n͚͜ ̻̞̰͚ͅh̵͉i̳̞v̢͇ḙ͎͟-҉̭̩̼͔m̤̭̫i͕͇̝̦n̗͙ḍ̟ ̯̲͕͞ǫ̟̯̰̲͙̻̝f ̪̰̰̗̖̭̘͘c̦͍̲̞͍̩̙ḥ͚a̮͎̟̙͜ơ̩̹͎s̤.̝̝ ҉Z̡̖̜͖̰̣͉̜a͖̰͙̬͡l̲̫̳͍̩g̡̟̼̱͚̞̬ͅo̗͜.̟,12/26/2023
878,865,136,../../../../../../../../../../../etc/passwd%00,12/12/2023
879,56,234,"""""",12/14/2023
880,869,204,0/0,12/29/2023
881,935,583,<script>alert('hi')</script>,12/18/2023
882,366,705,パーティーへ行かないか,12/18/2023
883,276,427,"<>?:""{}|_+",12/20/2023
884,226,468,🐵 🙈 🙉 🙊,12/1/2023
885,11,57,Z̮̞̠͙͔ͅḀ̗̞͈̻̗Ḷ͙͎̯̹̞͓G̻O̭̗̮,12/28/2023
886,340,265,𠜎𠜱𠝹𠱓𠱸𠲖𠳏,12/7/2023
887,317,989,"<>?:""{}|_+",12/17/2023
888,904,589,0/0,12/29/2023
889,509,19,œ∑´®†¥¨ˆøπ“‘,12/17/2023
890,28,284,‪‪test‪,12/25/2023
891,682,53,᠎,12/13/2023
892,693,839,(｡◕ ∀ ◕｡),12/29/2023
893,430,339,null,12/10/2023
894,495,101,Œ„´‰ˇÁ¨ˆØ∏”’,12/21/2023
895,845,430,¡™£¢∞§¶•ªº–≠,12/4/2023
896,82,318,　,12/16/2023
897,331,651,👩🏽,12/23/2023
898,488,272,⁦test⁧,12/16/2023
899,665,517, ,12/26/2023
900,39,49,"__ﾛ(,_,*)",12/24/2023
901,808,777,田中さんにあげて下さい,12/20/2023
902,206,832,() { 0; }; touch /tmp/blns.shellshock1.fail;,12/5/2023
903,99,664,../../../../../../../../../../../etc/hosts,12/11/2023
904,849,130,1E02,12/15/2023
905,156,197,١٢٣,12/21/2023
906,344,968,-1/2,12/28/2023
907,988,617,1;DROP TABLE users,12/15/2023
908,768,113,-$1.00,12/12/2023
909,515,589,../../../../../../../../../../../etc/hosts,12/19/2023
910,415,635,,12/8/2023
911,687,667,👾 🙇 💁 🙅 🙆 🙋 🙎 🙍 ,12/28/2023
912,153,653,0.00,12/10/2023
913,303,14,᠎,12/8/2023
914,189,707,<svg><script>0<1>alert('XSS')</script>,12/14/2023
915,615,955,../../../../../../../../../../../etc/passwd%00,12/28/2023
916,326,556,null,12/19/2023
917,245,547,!@#$%^&*(),12/24/2023
918,411,127,̡͓̞ͅI̗̘̦͝n͇͇͙v̮̫ok̲̫̙͈i̖͙̭̹̠̞n̡̻̮̣̺g̲͈͙̭͙̬͎ ̰t͔̦h̞̲e̢̤ ͍̬̲͖f̴̘͕̣è͖ẹ̥̩l͖͔͚i͓͚̦͠n͖͍̗͓̳̮g͍ ̨o͚̪͡f̘̣̬ ̖̘͖̟͙̮c҉͔̫͖͓͇͖ͅh̵̤̣͚͔á̗̼͕ͅo̼̣̥s̱͈̺̖̦̻͢.̛̖̞̠̫̰,12/2/2023
919,213,453,␡,12/21/2023
920,755,161,NIL,12/12/2023
921,593,345,1.00,12/20/2023
922,2,730,̡͓̞ͅI̗̘̦͝n͇͇͙v̮̫ok̲̫̙͈i̖͙̭̹̠̞n̡̻̮̣̺g̲͈͙̭͙̬͎ ̰t͔̦h̞̲e̢̤ ͍̬̲͖f̴̘͕̣è͖ẹ̥̩l͖͔͚i͓͚̦͠n͖͍̗͓̳̮g͍ ̨o͚̪͡f̘̣̬ ̖̘͖̟͙̮c҉͔̫͖͓͇͖ͅh̵̤̣͚͔á̗̼͕ͅo̼̣̥s̱͈̺̖̦̻͢.̛̖̞̠̫̰,12/19/2023
923,774,398,사회과학원 어학연구소,12/9/2023
924,35,521,0/0,12/1/2023
925,276,48,和製漢語,12/21/2023
926,739,944,null,12/30/2023
927,881,961,00˙Ɩ$-,12/12/2023
928,502,631,　,12/19/2023
929,908,255,"<>?:""{}|_+",12/15/2023
930,452,945,../../../../../../../../../../../etc/passwd%00,12/20/2023
931,212,549,⁰⁴⁵,12/7/2023
932,423,65,😍,12/9/2023
933,613,702,␢,12/21/2023
934,247,850, ,12/17/2023
935,973,798, ,12/1/2023
936,385,962,⁰⁴⁵₀₁₂,12/26/2023
937,937,375,NULL,12/11/2023
938,711,48,<script>alert('hi')</script>,12/16/2023
939,579,263,הָיְתָהtestالصفحات التّحول,12/9/2023
940,851,968,ÅÍÎÏ˝ÓÔÒÚÆ☃,12/8/2023
941,66,745,"""''''""'""",12/11/2023
942,271,1,הָיְתָהtestالصفحات التّحول,12/15/2023
943,912,268,사회과학원 어학연구소,12/18/2023
944,96,624,() { 0; }; touch /tmp/blns.shellshock1.fail;,12/25/2023
945,596,725,<svg><script>0<1>alert('XSS')</script>,12/25/2023
946,107,206,👾 🙇 💁 🙅 🙆 🙋 🙎 🙍 ,12/12/2023
947,232,359,nil,12/29/2023
948,796,190,0.00,12/16/2023
949,162,832,🐵 🙈 🙉 🙊,12/15/2023
950,282,685,社會科學院語學研究所,12/11/2023
951,418,497,(╯°□°）╯︵ ┻━┻)  ,12/12/2023
952,103,147,-1E+02,12/3/2023
953,243,219,../../../../../../../../../../../etc/passwd%00,12/18/2023
954,869,567,˙ɐnbᴉlɐ ɐuƃɐɯ ǝɹolop ʇǝ ǝɹoqɐl ʇn ʇunpᴉpᴉɔuᴉ ɹodɯǝʇ poɯsnᴉǝ op pǝs 'ʇᴉlǝ ƃuᴉɔsᴉdᴉpɐ ɹnʇǝʇɔǝsuoɔ 'ʇǝɯɐ ʇᴉs ɹolop ɯnsdᴉ ɯǝɹo˥,12/19/2023
955,722,441,1;DROP TABLE users,12/9/2023
956,938,99,"בְּרֵאשִׁית, בָּרָא אֱלֹהִים, אֵת הַשָּׁמַיִם, וְאֵת הָאָרֶץ",12/16/2023
957,708,585, test ,12/24/2023
958,970,936,1E02,12/14/2023
959,701,751,"'""'",12/10/2023
960,877,591,",./;'[]\-=",12/14/2023
961,468,774,",。・:*:・゜’( ☻ ω ☻ )。・:*:・゜’",12/3/2023
962,697,458,999999999999999999999999999999999999999999999999999999999999999999999999999999999999999999999999,12/29/2023
963,168,656,‪‪test‪,12/4/2023
964,125,39,Ṱ̺̺̕o͞ ̷i̲̬͇̪͙n̝̗͕v̟̜̘̦͟o̶̙̰̠kè͚̮̺̪̹̱̤ ̖t̝͕̳̣̻̪͞h̼͓̲̦̳̘̲e͇̣̰̦̬͎ ̢̼̻̱̘h͚͎͙̜̣̲ͅi̦̲̣̰̤v̻͍e̺̭̳̪̰-m̢iͅn̖̺̞̲̯̰d̵̼̟͙̩̼̘̳ ̞̥̱̳̭r̛̗̘e͙p͠r̼̞̻̭̗e̺̠̣͟s̘͇̳͍̝͉e͉̥̯̞̲͚̬͜ǹ̬͎͎̟̖͇̤t͍̬̤͓̼̭͘ͅi̪̱n͠g̴͉ ͏͉ͅc̬̟h͡a̫̻̯͘o̫̟̖͍̙̝͉s̗̦̲.̨̹͈̣,12/22/2023
965,154,629,‪‪test‪,12/24/2023
966,558,826,-$1.00,12/15/2023
967,96,5,​,12/28/2023
968,534,351,1.00,12/14/2023
969,616,507,１２３,12/23/2023
970,928,581,0.00,12/20/2023
971,358,214,Z̮̞̠͙͔ͅḀ̗̞͈̻̗Ḷ͙͎̯̹̞͓G̻O̭̗̮,12/15/2023
972,26,587,1E02,12/14/2023
973,104,13,👾 🙇 💁 🙅 🙆 🙋 🙎 🙍 ,12/14/2023
974,2,981,⁰⁴⁵,12/15/2023
975,4,859,00˙Ɩ$-,12/20/2023
976,530,16,"""'""'""''''""",12/12/2023
977,382,261,␢,12/21/2023
978,610,226,(｡◕ ∀ ◕｡),12/20/2023
979,171,704,1E02,12/30/2023
980,461,59,❤️ 💔 💌 💕 💞 💓 💗 💖 💘 💝 💟 💜 💛 💚 💙,12/27/2023
981,778,806,̗̺͖̹̯͓Ṯ̤͍̥͇͈h̲́e͏͓̼̗̙̼̣͔ ͇̜̱̠͓͍ͅN͕͠e̗̱z̘̝̜̺͙p̤̺̹͍̯͚e̠̻̠͜r̨̤͍̺̖͔̖̖d̠̟̭̬̝͟i̦͖̩͓͔̤a̠̗̬͉̙n͚͜ ̻̞̰͚ͅh̵͉i̳̞v̢͇ḙ͎͟-҉̭̩̼͔m̤̭̫i͕͇̝̦n̗͙ḍ̟ ̯̲͕͞ǫ̟̯̰̲͙̻̝f ̪̰̰̗̖̭̘͘c̦͍̲̞͍̩̙ḥ͚a̮͎̟̙͜ơ̩̹͎s̤.̝̝ ҉Z̡̖̜͖̰̣͉̜a͖̰͙̬͡l̲̫̳͍̩g̡̟̼̱͚̞̬ͅo̗͜.̟,12/7/2023
982,759,985,˙ɐnbᴉlɐ ɐuƃɐɯ ǝɹolop ʇǝ ǝɹoqɐl ʇn ʇunpᴉpᴉɔuᴉ ɹodɯǝʇ poɯsnᴉǝ op pǝs 'ʇᴉlǝ ƃuᴉɔsᴉdᴉpɐ ɹnʇǝʇɔǝsuoɔ 'ʇǝɯɐ ʇᴉs ɹolop ɯnsdᴉ ɯǝɹo˥,12/18/2023
983,170,516,999999999999999999999999999999999999999999999999999999999999999999999999999999999999999999999999,12/3/2023
984,208,998,1E02,12/22/2023
985,443,366,社會科學院語學研究所,12/20/2023
986,501,1000,0.00,12/4/2023
987,172,362,✋🏿 💪🏿 👐🏿 🙌🏿 👏🏿 🙏🏿,12/18/2023
988,410,893,"""",12/20/2023
989,392,748,​,12/25/2023
990,126,345,',12/7/2023
991,570,769,١٢٣,12/15/2023
992,188,272,1;DROP TABLE users,12/30/2023
993,225,748,NIL,12/2/2023
994,966,665,"""",12/26/2023
995,673,877,｀ｨ(´∀｀∩,12/22/2023
996,421,131,"בְּרֵאשִׁית, בָּרָא אֱלֹהִים, אֵת הַשָּׁמַיִם, וְאֵת הָאָרֶץ",12/21/2023
997,962,886,00˙Ɩ$-,12/19/2023
998,14,262,1,12/6/2023
999,161,199,-$1.00,12/24/2023
1000,70,961,$1.00,12/9/2023
